{
	"type": "origins:action_over_time",
	"entity_action": {
		"type": "origins:if_else_list",
		"actions": [
		{
			"condition": {
				"type": "origins:or",
				"conditions": [
				{
					"type": "origins:equipped_item",
					"equipment_slot": "mainhand",
					"item_condition": {
						"type": "origins:and",
						"conditions": [
						{
							"type": "origins:ingredient",
							"ingredient": {
								"item": "minecraft:fishing_rod"
							}
						},
						{
							"type": "origins:nbt",
							"nbt": "{CustomModelData:7}"
						}
						]
					}
				},
				{
					"type": "origins:and",
					"conditions": [
					{
						"type": "origins:equipped_item",
						"equipment_slot": "offhand",
						"item_condition": {
							"type": "origins:and",
							"conditions": [
							{
								"type": "origins:ingredient",
								"ingredient": {
									"item": "minecraft:fishing_rod"
								}
							},
							{
								"type": "origins:nbt",
								"nbt": "{CustomModelData:7}"
							}
							]
						}
					},
					{
						"type": "origins:equipped_item",
						"equipment_slot": "mainhand",
						"item_condition": {
							"type": "origins:ingredient",
							"ingredient": {
								"item": "minecraft:fishing_rod"
							},
							"inverted": true
						}
					}
					]
				}
				]
			},
			"action": {
				"type": "origins:execute_command",
				"command": "/execute as @e[type=minecraft:fishing_bobber,distance=..15,tag=redstone] positioned as @e[type=minecraft:fishing_bobber,tag=redstone] run particle minecraft:dust 0.922 0.314 0.314 2 ~ ~.5 ~ .5 .5 .5 30 1"
			}
		},
		{
			"condition": {
				"type": "origins:or",
				"conditions": [
				{
					"type": "origins:equipped_item",
					"equipment_slot": "mainhand",
					"item_condition": {
						"type": "origins:and",
						"conditions": [
						{
							"type": "origins:ingredient",
							"ingredient": {
								"item": "minecraft:fishing_rod"
							}
						},
						{
							"type": "origins:or",
							"conditions": [
							{
								"type": "origins:nbt",
								"nbt": "{CustomModelData:2}"
							},
							{
								"type": "origins:nbt",
								"nbt": "{CustomModelData:12}"
							}
							]
						}
						]
					}
				},
				{
					"type": "origins:and",
					"conditions": [
					{
						"type": "origins:equipped_item",
						"equipment_slot": "offhand",
						"item_condition": {
							"type": "origins:and",
							"conditions": [
							{
								"type": "origins:ingredient",
								"ingredient": {
									"item": "minecraft:fishing_rod"
								}
							},
							{
								"type": "origins:or",
								"conditions": [
								{
									"type": "origins:nbt",
									"nbt": "{CustomModelData:2}"
								},
								{
									"type": "origins:nbt",
									"nbt": "{CustomModelData:12}"
								}
								]
							}
							]
						}
					},
					{
						"type": "origins:equipped_item",
						"equipment_slot": "mainhand",
						"item_condition": {
							"type": "origins:ingredient",
							"ingredient": {
								"item": "minecraft:fishing_rod"
							},
							"inverted": true
						}
					}
					]
				}
				]
			},
			"action": {
				"type": "origins:execute_command",
				"command": "/execute as @e[type=minecraft:fishing_bobber,distance=..15,tag=lava] positioned as @e[type=minecraft:fishing_bobber,tag=lava] run particle minecraft:lava ~ ~ ~ .1 .3 .1 40 1"
			}
		}
		]
	},
	"interval": 30,
	"hidden": true
}