{
	"type": "origins:multiple",
	"rain": {
		"type": "origins:action_over_time",
		"entity_action": {
			"type": "origins:change_resource",
			"resource": "fishermen:clock_rain",
			"change": 1
		},
		"condition": {
			"type":"origins:and",
			"conditions": [
			{
				"type":"origins:or",
				"conditions": [
				{
					"type": "origins:predicate",
					"predicate": "fishermen:thunderstorm"
				},
				{
					"type": "origins:predicate",
					"predicate": "fishermen:clear"
				}
				]
			},
			{
				"type": "origins:resource",
				"resource": "fishermen:clock_rain",
				"comparison": "==",
				"compare_to": 0
			}
			]
		},
		"interval": 20
	},
	"clear": {
		"type": "origins:action_over_time",
		"entity_action": {
			"type": "origins:change_resource",
			"resource": "fishermen:clock_clear",
			"change": 1
		},
		"condition": {
			"type":"origins:and",
			"conditions": [
			{
				"type":"origins:or",
				"conditions": [
				{
					"type": "origins:predicate",
					"predicate": "fishermen:thunderstorm"
				},
				{
					"type": "origins:predicate",
					"predicate": "fishermen:rain"
				}
				]
			},
			{
				"type": "origins:resource",
				"resource": "fishermen:clock_clear",
				"comparison": "==",
				"compare_to": 0
			}
			]
		},
		"interval": 20
	},
	"thundering": {
		"type": "origins:action_over_time",
		"entity_action": {
			"type": "origins:change_resource",
			"resource": "fishermen:clock_thunder",
			"change": 1
		},
		"condition": {
			"type":"origins:and",
			"conditions": [
			{
				"type":"origins:or",
				"conditions": [
				{
					"type": "origins:predicate",
					"predicate": "fishermen:clear"
				},
				{
					"type": "origins:predicate",
					"predicate": "fishermen:rain"
				}
				]
			},
			{
				"type": "origins:resource",
				"resource": "fishermen:clock_thunder",
				"comparison": "==",
				"compare_to": 0
			}
			]
		},
		"interval": 20
	},
	"bed_day": {
		"type": "origins:action_over_time",
		"entity_action": {
			"type": "origins:change_resource",
			"resource": "fishermen:clock_bed",
			"change": 1
		},
		"condition": {
			"type":"origins:and",
			"conditions": [
			{
				"type": "origins:resource",
				"resource": "fishermen:clock_bed",
				"comparison": "==",
				"compare_to": 0
			},
			{
				"type": "origins:daytime"
			}
			]
		},
		"interval": 20
	},
	"hidden": true
}