{
	"type": "origins:action_over_time",
	"entity_action": {
		"type": "origins:chance",
			"action": {
				"type": "origins:if_else_list",
				"actions": [
				{
					"condition": {
						"type": "origins:equipped_item",
						"equipment_slot": "mainhand",
						"item_condition": {
							"type": "origins:and",
							"conditions": [
							{
								"type": "origins:ingredient",
								"ingredient": {
									"item": "minecraft:fishing_rod"
								}
							},
							{
								"type": "origins:nbt",
								"nbt": "{CustomModelData:4}"
							}
							]
						}
					},
					"action": {
						"type": "origins:equipped_item_action",
						"equipment_slot": "mainhand",
						"action": {
							"type": "origins:modify",
							"modifier": "fishermen:oxidized_copper"
						}
					}
				},
				{
					"condition": {
						"type": "origins:and",
						"conditions": [
						{
							"type": "origins:equipped_item",
							"equipment_slot": "offhand",
							"item_condition": {
								"type": "origins:and",
								"conditions": [
								{
									"type": "origins:ingredient",
									"ingredient": {
										"item": "minecraft:fishing_rod"
									}
								},
								{
									"type": "origins:nbt",
									"nbt": "{CustomModelData:4}"
								}
								]
							}
						},
						{
							"type": "origins:equipped_item",
							"equipment_slot": "mainhand",
							"item_condition": {
								"type": "origins:ingredient",
								"ingredient": {
									"item": "minecraft:fishing_rod"
								},
								"inverted": true
							}
						}
						]
					},
					"action": {
					"type": "origins:equipped_item_action",
					"equipment_slot": "offhand",
					"action": {
						"type": "origins:modify",
						"modifier": "fishermen:oxidized_copper"
						}
					}
				}
				]
			},
			"chance": 0.01
	},
	"interval": 1,
	"condition": {
		"type": "origins:scoreboard",
		"objective": "fish_caught",
		"comparison": "==",
		"compare_to": 1
	},
	"hidden": true
}