{
    "type": "origins:action_over_time",
    "entity_action": {
		"type":"origins:and",
		"actions": [
		{
			"type": "origins:execute_command",
			"command": "power grant @p fishermen:copper_age"
		},
		{
			"type": "origins:execute_command",
			"command": "power grant @p fishermen:omega"
		},
		{
			"type": "origins:execute_command",
			"command": "power grant @p fishermen:bobber_effect"
		},
		{
			"type": "origins:execute_command",
			"command": "power grant @p fishermen:cult_bobber_effect"
		},
		{
			"type": "origins:execute_command",
			"command": "power grant @p fishermen:clock"
		},
		{
			"type": "origins:execute_command",
			"command": "power grant @p fishermen:clock_change"
		},
		{
			"type": "origins:execute_command",
			"command": "power grant @p fishermen:clock_bed"
		},
		{
			"type": "origins:execute_command",
			"command": "power grant @p fishermen:clock_rain"
		},
		{
			"type": "origins:execute_command",
			"command": "power grant @p fishermen:clock_thunder"
		},
		{
			"type": "origins:execute_command",
			"command": "power grant @p fishermen:clock_clear"
		}
		]
	},
    "interval": 200,
	"hidden": true
}