{
    "type": "origins:multiple",
    "fish": {
        "type": "origins:item_on_item",
        "using_item_condition": {
            "type": "origins:ingredient",
            "ingredient": {
                "item": "minecraft:stick"
            }
        },
        "on_item_condition": {
            "type": "origins:and",
            "conditions": [
            {
                "type": "origins:ingredient",
                "ingredient": {
                    "item": "minecraft:fishing_rod"
                }
            },
			{
				"type": "origins:or",
				 "conditions": [
				{
					"type": "origins:nbt",
					"nbt": "{CustomModelData:1}"
				},
				{
					"type": "origins:nbt",
					"nbt": "{CustomModelData:3}"
				},
				{
					"type": "origins:nbt",
					"nbt": "{CustomModelData:4}"
				},
				{
					"type": "origins:nbt",
					"nbt": "{CustomModelData:5}"
				},
				{
					"type": "origins:nbt",
					"nbt": "{CustomModelData:6}"
				},
				{
					"type": "origins:nbt",
					"nbt": "{CustomModelData:7}"
				},
				{
					"type": "origins:nbt",
					"nbt": "{CustomModelData:8}"
				},
				{
					"type": "origins:nbt",
					"nbt": "{CustomModelData:9}"
				},
				{
					"type": "origins:nbt",
					"nbt": "{CustomModelData:10}"
				},
				{
					"type": "origins:nbt",
					"nbt": "{CustomModelData:11}"
				}
				]
			}
            ]
        },
        "using_item_action": {
            "type": "origins:consume",
            "amount": 1
        },
        "on_item_action": {
			"type": "origins:modify",
			"modifier": "fishermen:fish"
        }
    },
    "rod": {
        "type": "origins:item_on_item",
        "using_item_condition": {
            "type": "origins:ingredient",
            "ingredient": {
                "item": "minecraft:nautilus_shell"
            }
        },
        "on_item_condition": {
            "type": "origins:and",
            "conditions": [
            {
                "type": "origins:ingredient",
                "ingredient": {
                    "item": "minecraft:fishing_rod"
                }
            },
            {
                "type": "origins:nbt",
                "nbt": "{CustomModelData:1}",
                "inverted": true
            },
			{
				"type": "origins:nbt",
				"nbt": "{CustomModelData:2}",
				"inverted": true
			},
			{
				"type": "origins:nbt",
				"nbt": "{CustomModelData:12}",
				"inverted": true
			}
            ]
        },
        "using_item_action": {
            "type": "origins:consume",
            "amount": 1
        },
        "on_item_action": {
            "type": "origins:modify",
			"modifier": "fishermen:rod_of_origin"
        }
    },
	"netherite": {
        "type": "origins:item_on_item",
        "using_item_condition": {
            "type": "origins:ingredient",
            "ingredient": {
                "item": "minecraft:netherite_ingot"
            }
        },
        "on_item_condition": {
            "type": "origins:and",
            "conditions": [
            {
                "type": "origins:ingredient",
                "ingredient": {
                    "item": "minecraft:fishing_rod"
                }
            },
			{
				"type": "origins:nbt",
				"nbt": "{CustomModelData:2}",
				"inverted": true
			},
			{
				"type": "origins:nbt",
				"nbt": "{CustomModelData:12}",
				"inverted": true
			}
            ]
        },
        "using_item_action": {
            "type": "origins:consume",
            "amount": 1
        },
        "on_item_action": {
            "type": "origins:modify",
			"modifier": "fishermen:netherite"
        }
    },
	"prismarine": {
        "type": "origins:item_on_item",
        "using_item_condition": {
            "type": "origins:ingredient",
            "ingredient": {
                "item": "minecraft:prismarine_shard"
            }
        },
        "on_item_condition": {
            "type": "origins:and",
            "conditions": [
            {
                "type": "origins:ingredient",
                "ingredient": {
                    "item": "minecraft:fishing_rod"
                }
            },
            {
                "type": "origins:nbt",
                "nbt": "{CustomModelData:3}",
                "inverted": true
            },
			{
				"type": "origins:nbt",
				"nbt": "{CustomModelData:2}",
				"inverted": true
			},
			{
				"type": "origins:nbt",
				"nbt": "{CustomModelData:12}",
				"inverted": true
			}
            ]
        },
        "using_item_action": {
            "type": "origins:consume",
            "amount": 1
        },
        "on_item_action": {
            "type": "origins:modify",
			"modifier": "fishermen:prismarine"
        }
    },
		"copper": {
        "type": "origins:item_on_item",
        "using_item_condition": {
            "type": "origins:ingredient",
            "ingredient": {
                "item": "minecraft:copper_ingot"
            }
        },
        "on_item_condition": {
            "type": "origins:and",
            "conditions": [
            {
                "type": "origins:ingredient",
                "ingredient": {
                    "item": "minecraft:fishing_rod"
                }
            },
            {
                "type": "origins:nbt",
                "nbt": "{CustomModelData:4}",
                "inverted": true
            },
			{
				"type": "origins:nbt",
				"nbt": "{CustomModelData:2}",
				"inverted": true
			},
			{
				"type": "origins:nbt",
				"nbt": "{CustomModelData:12}",
				"inverted": true
			}
            ]
        },
        "using_item_action": {
            "type": "origins:consume",
            "amount": 1
        },
        "on_item_action": {
            "type": "origins:modify",
			"modifier": "fishermen:copper"
        }
    },
		"waxed_copper": {
        "type": "origins:item_on_item",
        "using_item_condition": {
            "type": "origins:ingredient",
            "ingredient": {
                "item": "minecraft:honeycomb"
            }
        },
        "on_item_condition": {
            "type": "origins:and",
            "conditions": [
            {
                "type": "origins:ingredient",
                "ingredient": {
                    "item": "minecraft:fishing_rod"
                }
            },
            {
                "type": "origins:nbt",
                "nbt": "{CustomModelData:4}"
            }
            ]
        },
        "using_item_action": {
            "type": "origins:consume",
            "amount": 1
        },
        "on_item_action": {
            "type": "origins:modify",
			"modifier": "fishermen:waxed_copper"
        }
    },
			"redstone": {
        "type": "origins:item_on_item",
        "using_item_condition": {
            "type": "origins:ingredient",
            "ingredient": {
                "item": "minecraft:redstone"
            }
        },
        "on_item_condition": {
            "type": "origins:and",
            "conditions": [
            {
                "type": "origins:ingredient",
                "ingredient": {
                    "item": "minecraft:fishing_rod"
                }
            },
            {
                "type": "origins:nbt",
                "nbt": "{CustomModelData:7}",
				"inverted": true
            },
			{
				"type": "origins:nbt",
				"nbt": "{CustomModelData:2}",
				"inverted": true
			},
			{
				"type": "origins:nbt",
				"nbt": "{CustomModelData:12}",
				"inverted": true
			}
            ]
        },
        "using_item_action": {
            "type": "origins:consume",
            "amount": 1
        },
        "on_item_action": {
            "type": "origins:modify",
			"modifier": "fishermen:redstone"
        }
    },
	"chorus_fruit": {
        "type": "origins:item_on_item",
        "using_item_condition": {
            "type": "origins:ingredient",
            "ingredient": {
                "item": "minecraft:chorus_fruit"
            }
        },
        "on_item_condition": {
            "type": "origins:and",
            "conditions": [
            {
                "type": "origins:ingredient",
                "ingredient": {
                    "item": "minecraft:fishing_rod"
                }
            },
            {
                "type": "origins:nbt",
                "nbt": "{CustomModelData:8}",
				"inverted": true
            },
			{
				"type": "origins:nbt",
				"nbt": "{CustomModelData:2}",
				"inverted": true
			},
			{
				"type": "origins:nbt",
				"nbt": "{CustomModelData:12}",
				"inverted": true
			}
            ]
        },
        "using_item_action": {
            "type": "origins:consume",
            "amount": 1
        },
        "on_item_action": {
            "type": "origins:modify",
			"modifier": "fishermen:chorus_fruit"
        }
    },
	"blaze_rod": {
        "type": "origins:item_on_item",
        "using_item_condition": {
            "type": "origins:ingredient",
            "ingredient": {
                "item": "minecraft:blaze_rod"
            }
        },
        "on_item_condition": {
            "type": "origins:and",
            "conditions": [
            {
                "type": "origins:ingredient",
                "ingredient": {
                    "item": "minecraft:fishing_rod"
                }
            },
            {
                "type": "origins:nbt",
                "nbt": "{CustomModelData:9}",
				"inverted": true
            },
			{
				"type": "origins:nbt",
				"nbt": "{CustomModelData:2}",
				"inverted": true
			},
			{
				"type": "origins:nbt",
				"nbt": "{CustomModelData:12}",
				"inverted": true
			}
            ]
        },
        "using_item_action": {
            "type": "origins:consume",
            "amount": 1
        },
        "on_item_action": {
            "type": "origins:modify",
			"modifier": "fishermen:blaze_rod"
        }
    },
	"bone": {
        "type": "origins:item_on_item",
        "using_item_condition": {
            "type": "origins:ingredient",
            "ingredient": {
                "item": "minecraft:bone"
            }
        },
        "on_item_condition": {
            "type": "origins:and",
            "conditions": [
            {
                "type": "origins:ingredient",
                "ingredient": {
                    "item": "minecraft:fishing_rod"
                }
            },
            {
                "type": "origins:nbt",
                "nbt": "{CustomModelData:10}",
				"inverted": true
            },
			{
				"type": "origins:nbt",
				"nbt": "{CustomModelData:2}",
				"inverted": true
			},
			{
				"type": "origins:nbt",
				"nbt": "{CustomModelData:12}",
				"inverted": true
			}
            ]
        },
        "using_item_action": {
            "type": "origins:consume",
            "amount": 1
        },
        "on_item_action": {
            "type": "origins:modify",
			"modifier": "fishermen:bone"
        }
    },
	"bamboo_rod": {
        "type": "origins:item_on_item",
        "using_item_condition": {
            "type": "origins:ingredient",
            "ingredient": {
                "item": "minecraft:bamboo"
            }
        },
        "on_item_condition": {
            "type": "origins:and",
            "conditions": [
            {
                "type": "origins:ingredient",
                "ingredient": {
                    "item": "minecraft:fishing_rod"
                }
            },
            {
                "type": "origins:nbt",
                "nbt": "{CustomModelData:11}",
				"inverted": true
            },
			{
				"type": "origins:nbt",
				"nbt": "{CustomModelData:2}",
				"inverted": true
			},
			{
				"type": "origins:nbt",
				"nbt": "{CustomModelData:12}",
				"inverted": true
			}
            ]
        },
        "using_item_action": {
            "type": "origins:consume",
            "amount": 1
        },
        "on_item_action": {
            "type": "origins:modify",
			"modifier": "fishermen:bamboo"
        }
    },
	"netherite_active": {
        "type": "origins:item_on_item",
        "using_item_condition": {
            "type": "origins:ingredient",
            "ingredient": {
                "item": "minecraft:lava_bucket"
            }
        },
        "on_item_condition": {
            "type": "origins:and",
            "conditions": [
            {
                "type": "origins:ingredient",
                "ingredient": {
                    "item": "minecraft:fishing_rod"
                }
            },
            {
                "type": "origins:nbt",
                "nbt": "{CustomModelData:2}"
            }
            ]
        },
		"result": {
			"item": "minecraft:bucket",
			"amount": 1
		},
        "using_item_action": {
            "type": "origins:consume",
            "amount": 1
        },
        "on_item_action": {
            "type": "origins:modify",
			"modifier": "fishermen:netherite_active"
        }
    },
	"netherite_deactive": {
        "type": "origins:item_on_item",
        "using_item_condition": {
            "type": "origins:ingredient",
            "ingredient": {
                "item": "minecraft:water_bucket"
            }
        },
        "on_item_condition": {
            "type": "origins:and",
            "conditions": [
            {
                "type": "origins:ingredient",
                "ingredient": {
                    "item": "minecraft:fishing_rod"
                }
            },
            {
                "type": "origins:nbt",
                "nbt": "{CustomModelData:12}"
            }
            ]
        },
		"result": {
			"item": "minecraft:bucket",
			"amount": 1
		},
        "using_item_action": {
            "type": "origins:consume",
            "amount": 1
        },
        "on_item_action": {
            "type": "origins:modify",
			"modifier": "fishermen:netherite_deactive"
        }
    },
	"netherite_clock": {
        "type": "origins:item_on_item",
        "using_item_condition": {
            "type": "origins:ingredient",
            "ingredient": {
                "item": "minecraft:netherite_ingot"
            }
        },
        "on_item_condition": {
            "type": "origins:and",
            "conditions": [
            {
                "type": "origins:ingredient",
                "ingredient": {
                    "item": "minecraft:clock"
                }
            },
            {
                "type": "origins:nbt",
                "nbt": "{CustomModelData:1}",
                "inverted": true
            }
			]
        },
        "using_item_action": {
            "type": "origins:consume",
            "amount": 1
        },
        "on_item_action": {
            "type": "origins:modify",
			"modifier": "fishermen:netherite_clock"
        }
    },
    "name": "Customizable Rod",
    "description": "Some items when used on rods change their look! But only the look."
}