{
	"type": "origins:action_over_time",
	"entity_action": {
		"type": "origins:if_else_list",
		"actions": [
        {
            "condition": {
				"type": "origins:and",
				"conditions": [
				{
					"type": "origins:scoreboard",
					"objective": "rod_cast",
					"comparison": ">",
					"compare_to": 0
				},
				{
					"type": "origins:or",
					"conditions": [
					{
						"type": "origins:equipped_item",
						"equipment_slot": "mainhand",
						"item_condition": {
							"type": "origins:and",
							"conditions": [
							{
								"type": "origins:ingredient",
								"ingredient": {
									"item": "minecraft:fishing_rod"
								}
							},
							{
								"type": "origins:nbt",
								"nbt": "{CustomModelData:7}",
								"inverted": true
							},
							{
								"type": "origins:nbt",
								"nbt": "{CustomModelData:2}",
								"inverted": true
							},
							{
								"type": "origins:nbt",
								"nbt": "{CustomModelData:12}",
								"inverted": true
							}
							]
						}
					},
					{
						"type": "origins:and",
						"conditions": [
						{
							"type": "origins:equipped_item",
							"equipment_slot": "offhand",
							"item_condition": {
								"type": "origins:and",
								"conditions": [
								{
									"type": "origins:ingredient",
									"ingredient": {
										"item": "minecraft:fishing_rod"
									}
								},
								{
									"type": "origins:nbt",
									"nbt": "{CustomModelData:7}",
									"inverted": true
								},
								{
								"type": "origins:nbt",
								"nbt": "{CustomModelData:2}",
								"inverted": true
								},
								{
								"type": "origins:nbt",
								"nbt": "{CustomModelData:12}",
								"inverted": true
								}
								]
							}
						},
						{
							"type": "origins:equipped_item",
							"equipment_slot": "mainhand",
							"item_condition": {
								"type": "origins:ingredient",
								"ingredient": {
									"item": "minecraft:fishing_rod"
								},
								"inverted": true
							}
						}
						]
					}
					]
				}
				]
			},
            "action": {
                "type":"origins:and",
				"actions": [
				{
					"type": "origins:execute_command",
					"command": "/execute as @e[type=minecraft:fishing_bobber,distance=..1.7] run tag @s add fishfolk"
				},
				{
					"type": "origins:execute_command",
					"command": "scoreboard players set @s rod_cast 0"
				}
			]
			}
		},
		{
            "condition": {
				"type": "origins:and",
				"conditions": [
				{
					"type": "origins:scoreboard",
					"objective": "rod_cast",
					"comparison": ">",
					"compare_to": 0
				},
				{
					"type": "origins:or",
					"conditions": [
					{
						"type": "origins:equipped_item",
						"equipment_slot": "mainhand",
						"item_condition": {
							"type": "origins:and",
							"conditions": [
							{
								"type": "origins:ingredient",
								"ingredient": {
									"item": "minecraft:fishing_rod"
								}
							},
							{
								"type": "origins:nbt",
								"nbt": "{CustomModelData:7}"
							}
							]
						}
					},
					{
						"type": "origins:and",
						"conditions": [
						{
							"type": "origins:equipped_item",
							"equipment_slot": "offhand",
							"item_condition": {
								"type": "origins:and",
								"conditions": [
								{
									"type": "origins:ingredient",
									"ingredient": {
										"item": "minecraft:fishing_rod"
									}
								},
								{
									"type": "origins:nbt",
									"nbt": "{CustomModelData:7}"
								}
								]
							}
						},
						{
							"type": "origins:equipped_item",
							"equipment_slot": "mainhand",
							"item_condition": {
								"type": "origins:ingredient",
								"ingredient": {
									"item": "minecraft:fishing_rod"
								},
								"inverted": true
							}
						}
						]
					}
					]
				}
				]
			},
            "action": {
                "type":"origins:and",
				"actions": [
				{
					"type": "origins:execute_command",
					"command": "/execute as @e[type=minecraft:fishing_bobber,distance=..1.7] run tag @s add fishfolk"
				},
				{
					"type": "origins:execute_command",
					"command": "/execute as @e[type=minecraft:fishing_bobber,distance=..1.7] run tag @s add redstone"
				},
				{
					"type": "origins:execute_command",
					"command": "scoreboard players set @s rod_cast 0"
				}
			]
			}
        },
		{
            "condition": {
				"type": "origins:and",
				"conditions": [
				{
					"type": "origins:scoreboard",
					"objective": "rod_cast",
					"comparison": ">",
					"compare_to": 0
				},
				{
					"type": "origins:or",
					"conditions": [
					{
						"type": "origins:equipped_item",
						"equipment_slot": "mainhand",
						"item_condition": {
							"type": "origins:and",
							"conditions": [
							{
								"type": "origins:ingredient",
								"ingredient": {
									"item": "minecraft:fishing_rod"
								}
							},
							{
								"type": "origins:or",
								"conditions": [
								{
									"type": "origins:nbt",
									"nbt": "{CustomModelData:2}"
								},
								{
									"type": "origins:nbt",
									"nbt": "{CustomModelData:12}"
								}
								]
							}
							]
						}
					},
					{
						"type": "origins:and",
						"conditions": [
						{
							"type": "origins:equipped_item",
							"equipment_slot": "offhand",
							"item_condition": {
								"type": "origins:and",
								"conditions": [
								{
									"type": "origins:ingredient",
									"ingredient": {
										"item": "minecraft:fishing_rod"
									}
								},
								{
									"type": "origins:or",
									"conditions": [
									{
										"type": "origins:nbt",
										"nbt": "{CustomModelData:2}"
									},
									{
										"type": "origins:nbt",
										"nbt": "{CustomModelData:12}"
									}
									]
								}
								]
							}
						},
						{
							"type": "origins:equipped_item",
							"equipment_slot": "mainhand",
							"item_condition": {
								"type": "origins:ingredient",
								"ingredient": {
									"item": "minecraft:fishing_rod"
								},
								"inverted": true
							}
						}
						]
					}
					]
				}
				]
			},
            "action": {
                "type":"origins:and",
				"actions": [
				{
					"type": "origins:execute_command",
					"command": "/execute as @e[type=minecraft:fishing_bobber,distance=..1.7] run tag @s add fishfolk"
				},
				{
					"type": "origins:execute_command",
					"command": "/execute as @e[type=minecraft:fishing_bobber,distance=..1.7] run tag @s add lava"
				},
				{
					"type": "origins:execute_command",
					"command": "scoreboard players set @s rod_cast 0"
				}
			]
			}
        }
    ]
	},
	"interval": 1,
	"name": "Big Catch",
    "description": "You know how to real in some big ones! When fishing, you catch two fish instead of just one."
}