{
	"type": "origins:conditioned_attribute",
	"modifier": {
		"attribute": "minecraft:generic.luck",
		"operation": "addition",
		"value": 1
	},
	"tick_rate": 20,
	"condition": {
		"type": "origins:and",
		"conditions": [
		{
			"type": "origins:status_effect",
			"effect": "minecraft:conduit_power"
		},
		{
			"type": "origins:in_rain"
		},
		{
			"type": "origins:command",
			"command": "execute if entity @e[distance=..15,type=fishing_bobber]",
			"comparison": ">",
			"compare_to": 0
		},
		{
			"type": "origins:block_in_radius",
			"radius": 10,
			"block_condition": {
			"type": "origins:block",
			"block": "minecraft:water"
			}
		}
		]
	},
	"hidden": true
}