{
	"type": "origins:action_on_callback",
	"entity_action_chosen": {
		"type": "origins:and",
		"actions": [
		{
			"type": "origins:execute_command",
			"command": "scoreboard objectives add fish_caught minecraft.custom:minecraft.fish_caught"
		},
		{
			"type": "origins:execute_command",
			"command": "scoreboard players set @s fish_caught 0"
		},
		{
			"type": "origins:execute_command",
			"command": "scoreboard objectives add rod_cast minecraft.used:minecraft.fishing_rod"
		},
		{
			"type": "origins:execute_command",
			"command": "scoreboard players set @s rod_cast 0"
		},
		{
			"type": "origins:execute_command",
			"command": "scoreboard objectives add phantom_timer minecraft.custom:minecraft.time_since_rest"
		},
		{
			"type": "origins:execute_command",
			"command": "scoreboard players set @s phantom_timer 0"
		},
		{
			"type": "origins:change_resource",
			"resource": "fishermen:clock_bed",
			"change": 1
		}
		]
	},
	"hidden": true
}