{
    "type": "origins:modify_damage_taken",
    "damage_condition": {
        "type": "origins:projectile"
    },
    "modifier": {
        "name": "No projectiles",
        "operation": "multiply_total",
        "value": -1.0
    },
    "condition": {
        "type": "origins:and",
        "conditions": [
            {
                "type": "origins:moving",
                "inverted": true
            }
        ]
    },
    "name": "Isolation",
    "description": "If you aren't moving, you will grow a shell that protects you from projectiles."
}