{
"name":"Lantern Light",
"description":"When nearby a lantern you get regeneration.",

"interval": 10,
  "type": "origins:action_over_time",
  "entity_action": {
    "type": "origins:apply_effect",
    "effect": {
      "effect": "minecraft:regeneration",
      "duration": 3,
      "show_particles": false,
      "amplifier": 4,
      "show_icon": false
    }
  },
  "condition": {
    "type": "origins:block_in_radius",
    "block_condition": {
      "type": "origins:block",
      "block": "minecraft:lantern"
    },
    "radius": 1,
    "shape": "cube",
    "comparison": ">=",
    "compare_to": 1
  }
}