{
  "type": "origins:active_self",
  "cooldown": 10,
  "hud_render": {
    "should_render": false
  },
  "condition": {
    "type": "origins:and",
    "conditions": [
      {
        "type": "origins:equipped_item",
        "equipment_slot": "mainhand",
        "item_condition": {
          "type": "origins:ingredient",
          "ingredient": {
            "item": "minecraft:leather"
          }
        }
      },
      {
        "type": "origins:food_level",
        "comparison": "<",
        "compare_to": 20
      }
    ]
  },
  "entity_action": {
    "type": "origins:and",
    "actions": [
      {
        "type": "origins:execute_command",
        "command": "clear @s minecraft:leather 1"
      },
      {
        "type": "origins:execute_command",
        "command": "playsound minecraft:entity.dolphin.eat player @s ~ ~ ~ 1 1"
      },
      {
        "type": "origins:feed",
        "food": 4,
        "saturation": 0.4
      }
    ]
  },
  "key": {
    "key": "key.use",
    "continuous": true
  },
  "name": "Moth Diet",
  "description": "You can only eat leather, and rabbit hide."
}