{
    "type": "origins:active_self",
    "entity_action": {
        "type": "origins:area_of_effect",
        "radius": 16,
        "bientity_action": {
            "type": "origins:invert",
            "action": {
                "type": "origins:target_action",
                "action": {
                    "type": "origins:heal",
                    "amount": 1
                }
            }
        }
    },
    "cooldown": 100,
    "hud_render": {
        "should_render": false
    },
    "name": "Thirsting Bites",
    "description": "Recover 1 HP per nearby entity each time you use your Primary Ability. (low cooldown)"
}