{
    "type": "origins:fire_projectile",
    "entity_type": "minecraft:arrow",
    "cooldown": 40,
    "hud_render": {
        "should_render": false
    },
    "tag": "{pickup:0b,Color:1310467,SoundEvent:\"block.sculk_sensor.clicking\",CustomPotionEffects:[{Id:19b,Amplifier:1b,Duration:160,ShowParticles:0b}]}",
    "key": {
        "key": "key.origins.secondary_active",
        "continuous": true
    },
    "name": "Venom Spit",
    "description": "Spit poison at the entity you're looking at."
}