{
    "type": "origins:active_self",
    "entity_action": {
        "type": "origins:and",
        "actions": [
            {
                "type": "origins:area_of_effect",
				"radius": 5,
				"bientity_action": {
					"type": "origins:target_action",
					"action": {
						"type": "origins:damage",
						"amount": 30,
						"source": {
							"name": "player",
							"bypasses_armor": true
						}
					}
				},
				"bientity_condition": {
					"type": "origins:target_condition",
					"condition": {
						"type": "origins:entity_type",
						"entity_type": "minecraft:creeper"
					}
				}
            }
        ]
    },
    "cooldown": 300,
    "hud_render": {
        "should_render": true,
		"bar_index":8
    },
    "key": {
        "key": "key.origins.primary_active",
        "continuous": true
    },
    "name": "creeper incinerator",
	"description": "activate the ability to eradicate all creepers in a 5 block radius"
}