{
    "type": "origins:stacking_status_effect",
    "min_stacks": 3,
    "max_stacks": 3,
    "duration_per_stack": 10,
    "effects": [
        {
            "effect": "minecraft:resistance",
            "is_ambient": true,
            "show_particles": false,
            "show_icon": true,
			"amplifier": 1
        }
    ],
	"condition": {
		"type": "origins:daytime"	
	},
	"name": "Early bird",
	"description": "you are empowered by the sun that gives you resistance during the day"
}