{
    "type": "origins:active_self",
    "entity_action": {
        "type": "origins:and",
        "actions": [
             {
				"type": "origins:raycast",
				"distance": 20,
				"block": true,
				"entity": true,
				"shape_type": "visual",
				"fluid_handling": "any",
				"bientity_action": {
					"type": "origins:target_action",
					"action": {
						"type": "origins:spawn_entity",
						"entity_type": "minecraft:evoker_fangs",
						"entity_action": {
							"type": "origins:spawn_effect_cloud",
							"radius": 3.0,
							"wait_time": 10,
							"effect": {
								"effect": "minecraft:wither",
								"amplifier": 1,
								"duration": 60
							}
						}
					}
					
				},
				"block_action": {
					 "type": "origins:execute_command",
					"command": "summon minecraft:evoker_fangs"
				},
				"command_step": 1,
				"command_along_ray_only_on_hit": false
			}
        ]
    },
    "cooldown": 100,
    "hud_render": {
        "should_render": true,
		"bar_index": 3
    },
    "key": {
        "key": "key.origins.primary_active",
        "continuous": true
    },
	"name": "watch your step",
	"description": "send one of your hydra heads at the position you are looking, if your target is an entity then summon a wither cloud uner its feet. has a range of 20 blocks"
   
}