{
    "type": "origins:stacking_status_effect",
    "min_stacks": 3,
    "max_stacks": 3,
    "duration_per_stack": 10,
    "effects": [
        {
            "effect": "minecraft:slowness",
            "is_ambient": true,
            "show_particles": false,
            "show_icon": true,
			"amplifier": 1
        }
    ],
    "condition": {
         "type": "origins:resource",
			"resource": "monster:coldblooded_meter",
			"comparison": "<=",
			"compare_to": 75
    },
	"name": "fatigue",
	"description": "if your heat falls below 25% you will suffer from fatigue and become very slow"
}