{
	"type": "origins:multiple",
	"velocity": {
		"type": "origins:modify_damage_taken",
		"modifier": {
			"name": "More kinetic damage taken",
			"value": 1,
			"operation": "multiply_base"
		},
		"damage_condition": {
			"type": "origins:or",
			"conditions": [
			{
				"type": "origins:name",
				"name": "fall"
			},
			{
				"type": "origins:name",
				"name": "flyIntoWall"
			}
			]
		}
	},
	"falling": {
		"type": "origins:modify_damage_taken",
		"damage_condition": {
				 "type": "origins:name",
				 "name": "fall"
		},
		"modifier": {
        "operation": "multiply_total",
        "value": 0.25
		}
	},
	"name": "fragile bones ",
	"description": "your lightweight bones maybe benefecial for flying but they are very fragile and you take more damage from kinetic energy and fall damage"
}