{
    "type": "origins:multiple",
	"resource":	{
		"type": "origins:resource",
		"min": 0,
		"max": 2,
		"start_value": 1,
		"hud_render": {
			"should_render": false
		},
		"min_action": {
			 "type": "origins:and",
			"actions": [
			{
				 "type": "origins:area_of_effect",
				"radius": 4,
				"bientity_action": {
					"type": "origins:target_action",
					"action": {
						"type": "origins:add_velocity",
						"y": 1.5
					}
				}
			},
			{
				"type": "origins:spawn_particles",
				"particle": {
					"type": "minecraft:snowflake"
				},
				"count": 10,
				"speed": 0.0,
				"force": true,
				"spread": {
					"x": 3.0,
					"y": 0.0,
					"z": 3.0
				}
			},
			{
				"type": "origins:delay",
				"ticks": 5,
				"action":{
					"type": "origins:change_resource",
					"resource": "monster:frostpounce_resource",
					"change": 1
				}
			}	
			]
		}
	},
	"pounce": {
		"type": "origins:active_self",
		"entity_action": {
			"type": "origins:and",
			"actions": [
				{
					"type": "origins:add_velocity",
					"z": 2,
					"y": 3,
					"space": "local"
				},
				{
					"type": "origins:change_resource",
					"resource": "monster:frostpounce_resource",
					"change": 1
				}	
      
			]
		},
		"cooldown": 200,
		"hud_render": {
			"should_render": true,
			"bar_index": 4
		},
		"key": {
			"key": "key.origins.primary_active",
			"continuous": true
		}
	},
	"onland":{
		"type": "origins:action_on_land",
		"entity_action": {
			"type": "origins:delay",
			"ticks": 5,
			"action":{
				"type": "origins:change_resource",
				"resource": "monster:frostpounce_resource",
				"change": -2
			}
		},
		"condition": {
			 "type": "origins:resource",
			"resource": "monster:frostpounce_resource",
			"comparison": "==",
			"compare_to": 2
		}
	},
	"name": "avalanche",
	"description": "leap into the air and land on enemies to knock them off in air"
}
		