{
	"type": "origins:multiple",
	"health": {
		"type": "origins:attribute",
		"modifier": {
			"attribute": "minecraft:generic.max_health",
			"value": 10,
			"operation": "addition"
		}
	 },
	"fall": {  
    "type": "origins:modify_damage_taken",
    "damage_condition":{
		"type": "origins:name",
		"name": "fall"
		},
	"modifier": {
    "operation": "multiply_total",
    "value": -1
	}
	},
	"name": "built for the mountains",
	"description": "you have extra 5 hearts of health and is immune to fall damage"
}