{
	"type": "origins:multiple",
	"inspire":{	
    "type": "origins:action_on_entity_use",
    "bientity_action": {
		"type": "origins:and",
		"actions":[
		{
			"type": "origins:target_action",
			"action": {
				"type": "origins:and",
				"actions": [
					{
						"type": "origins:apply_effect",
						"effect": {
							"effect": "minecraft:resistance",
							"duration": 100,
							"amplifier": 2
						}

					},
					{
						"type": "origins:execute_command",
						"command": "particle glow_squid_ink ~ ~0.5 ~ 0.3 0.3 0.3 0.009 4 normal @a"
					}
				]
			}
		},
		{
			"type": "origins:actor_action",
			"action": {
				"type": "origins:and",
				"actions": [
				{
					"type": "origins:trigger_cooldown",
					"power": "monster:inspire_cooldown"
				},
				{
					"type": "origins:exhaust",
					"amount": 8
				}
				]
			}
		}
		]
    },
    "item_condition": {
        "type": "origins:empty"
    },
    "hands": [
        "main_hand"
    ],
    "condition": {
		"type": "origins:and",
		"conditions":[
		{
			"type": "origins:sneaking"
		},
		{
			 "type": "origins:resource",
			"resource": "monster:inspire_cooldown",
			"comparison": "==",
			"compare_to": 0
		}
		]
	}
	},
	"cooldown": {
		"type": "origins:cooldown",
    "cooldown": 200,
    "hud_render": {
        "should_render": true,
        "bar_index": 2
    }
},
	"name": "inspire",
	"description": "sneak right-click an entity to inspire it , essentially giving it huge resistance for a short time"
}