{
	"type": "origins:action_when_damage_taken",
    "entity_action": {
		"type": "origins:apply_effect",
		"effect": {
			"effect": "minecraft:regeneration",
			"duration": 600,
			"show_particles": false,
			"amplifier": 1
			
		}
    },
    "cooldown": 600,
	"condition": {
		"type": "origins:daytime",
		"inverted": true			
	},
	"name": "creature of the night sky",
	"description": "you are empowered by the moon and stars giving you regeneration for 30 seconds after taking damage at night"
}