{
	"type": "origins:multiple",
	"toggle": {
		"type": "origins:toggle",
		"active_by_default": true,
		"key": {
			"key": "key.origins.secondary_active"
		}
	},
	"glow": {
		"type": "origins:entity_glow",
		"entity_condition": {
			"type": "origins:and",
			"conditions": [{
					"type": "origins:relative_health",
					"comparison": "<",
					"compare_to": 1

				},
				{
					"type": "origins:relative_health",
					"comparison": ">=",
					"compare_to": 0.5
				},
				 {
					"type": "origins:living"
				}
			]
		},
		"condition": {
			"type": "origins:power_active",
			"power": "monster:sense_toggle"
		}
	},
	"redglow": {
		"type": "origins:entity_glow",
		"entity_condition": {"type": "origins:and",
			"conditions": [{
					"type": "origins:relative_health",
					"comparison": "<",
					"compare_to": 0.5

				},
				{
					"type": "origins:living"
				}
			]

				},
		"condition": {
			"type": "origins:power_active",
			"power": "monster:sense_toggle"
		},
		 "use_teams": false,
		"red": 1.0,
		"green": 0.0,
		"blue": 0.0
	},
	"name": "Drop of blood",
	"description": "you can sense creatures who are injured and even sense if their health is lower than half even if they are behind walls"
}