{
    "type": "origins:active_self",
    "entity_action": {
        "type": "origins:and",
        "actions": [
            {
			 "type": "origins:add_velocity",
			 "space": "local",
			"z": 2
            },
            {
            "type": "origins:area_of_effect",
			"radius": 5,
				"bientity_action": {
				"type": "origins:target_action",
				"action": {
					"type": "origins:apply_effect",
					"effect": {
						"effect": "minecraft:instant_health",
						"duration": 2
					}
				}  
            }
			},
			{
			"type": "origins:damage",
			"amount": 4,
				"source": {
					"name": "magic",
					"bypasses_armor": true
				}
			},
			{
				"type": "origins:spawn_particles",
				"particle": "minecraft:firework",
				"count": 16
			}
		]
    },
    "cooldown": 100,
    "hud_render": {
        "bar_index": 4
    },
    "key": {
        "key": "key.origins.primary_active",
        "continuous": true
    },
	"condition": {
    "type": "origins:health",
    "comparison": ">=",
    "compare_to": 6
	},
	"name": "shooting star",
 "description": "dash a small distance instantly healing creatures while damaging undead mobs in return for some of your own health , only works if your health is above 3 hearts"
}