{
    "type": "origins:conditioned_restrict_armor",
    "head": {
        "type": "origins:armor_value",
        "comparison": ">",
        "compare_to": 1
    },
    "chest": {
        "type": "origins:armor_value",
        "comparison": ">",
        "compare_to": 3
    },
    "legs": {
        "type": "origins:armor_value",
        "comparison": ">",
        "compare_to": 2
    },
    "feet": {
        "type": "origins:armor_value",
        "comparison": ">",
        "compare_to": 1
    },
   "name": "winter clothing",
	"description": "you cannot wear armor better than leather armor as it provides the best insulation on the mountains"
}