{
  "display": {
    "icon": {
      "item": "minecraft:fishing_rod",
      "nbt": "{CustomModelData:2}"
    },
    "title": "Serious-er Dedication",
    "description": "Use a Netherite ingot to upgrade a fishing rod, and then really reevaluate your life choices",
    "background": "dark_purple",
    "frame": "challenge",
    "show_toast": true,
    "announce_to_chat": true,
    "hidden": true
  },
  "parent": "minecraft:husbandry/obtain_netherite_hoe",
  "criteria": {
    "requirement": {
      "trigger": "minecraft:inventory_changed",
      "conditions": {
        "items": [
          {
            "items": [
              "minecraft:fishing_rod"
            ],
            "nbt": "{CustomModelData:2}"
          }
        ]
      }
    }
  },
  "rewards": {
    "experience": 150
  }
}