{
	"type": "origins:action_on_callback",
	"name": "Super Sized",
	"description": "You're twice as big as normal (4 blocks tall)",
	"entity_action_chosen": {
		"type": "origins:and",
		"actions": [
		{
			"type": "origins:execute_command",
			"command": "scale set pehkui:height 2"
		},
		{
			"type": "origins:execute_command",
			"command": "scale set pehkui:width 2"
		},
		{
			"type": "origins:execute_command",
			"command": "scale set pehkui:view_bobbing 2"
		},
		{
			"type": "origins:execute_command",
			"command": "scale set pehkui:projectiles 2"
		},
		{
			"type": "origins:execute_command",
			"command": "scale set pehkui:step_height 2"
		},
		{
			"type": "origins:execute_command",
			"command": "scale set pehkui:falling 0.5"
		},
		{
			"type": "origins:execute_command",
			"command": "scale set pehkui:reach 1.33"
		},
		{
			"type": "origins:execute_command",
			"command": "attribute @s generic.knockback_resistance base set 0.33"
		}
		]
	},
	"entity_action_added": {
		"type": "origins:and",
		"actions": [
		{
			"type": "origins:execute_command",
			"command": "scale set pehkui:height 2"
		},
		{
			"type": "origins:execute_command",
			"command": "scale set pehkui:width 2"
		},
		{
			"type": "origins:execute_command",
			"command": "scale set pehkui:view_bobbing 2"
		},
		{
			"type": "origins:execute_command",
			"command": "scale set pehkui:projectiles 2"
		},
		{
			"type": "origins:execute_command",
			"command": "scale set pehkui:step_height 2"
		},
		{
			"type": "origins:execute_command",
			"command": "scale set pehkui:falling 0.5"
		},
		{
			"type": "origins:execute_command",
			"command": "scale set pehkui:reach 1.33"
		},
		{
			"type": "origins:execute_command",
			"command": "attribute @s generic.knockback_resistance base set 0.33"
		}
		]
	},
	"entity_action_lost": {
		"type": "origins:and",
		"actions": [
		{
			"type": "origins:execute_command",
			"command": "scale reset"
		},
		{
			"type": "origins:execute_command",
			"command": "attribute @s generic.knockback_resistance base set 0"
		}
		]
	},
	"entity_action_removed": {
		"type": "origins:and",
		"actions": [
		{
			"type": "origins:execute_command",
			"command": "scale reset"
		},
		{
			"type": "origins:execute_command",
			"command": "attribute @s generic.knockback_resistance base set 0"
		}
		]
	},
	"entity_action_respawned": {
		"type": "origins:and",
		"actions": [
		{
			"type": "origins:execute_command",
			"command": "scale set pehkui:height 2"
		},
		{
			"type": "origins:execute_command",
			"command": "scale set pehkui:width 2"
		},
		{
			"type": "origins:execute_command",
			"command": "scale set pehkui:view_bobbing 2"
		},
		{
			"type": "origins:execute_command",
			"command": "scale set pehkui:projectiles 2"
		},
		{
			"type": "origins:execute_command",
			"command": "scale set pehkui:step_height 2"
		},
		{
			"type": "origins:execute_command",
			"command": "scale set pehkui:falling 0.5"
		},
		{
			"type": "origins:execute_command",
			"command": "scale set pehkui:reach 1.33"
		},
		{
			"type": "origins:execute_command",
			"command": "attribute @s generic.knockback_resistance base set 0.33"
		}
		]
	}
}