{
	"type": "origins:action_on_block_use",
	"hidden": true,
	"block_condition": {
		"type": "origins:or",
		"conditions": [
		{
			"type": "origins:block",
			"block": "minecraft:cake"
		},
		{
			"type": "origins:in_tag",
			"tag": "minecraft:candle_cakes"
		}
		]
	},
	"condition": {
		"type": "origins:food_level",
		"comparison": "<",
		"compare_to": 20
	},
	"entity_action": {
		"type": "origins:and",
		"actions": [
		{
			"type": "origins:feed",
			"food": 1,
			"saturation": 0.5
		},
		{
			"type": "origins:heal",
			"amount": 1
		},
		{
			"type": "origins:apply_effect",
			"effect": {
				"effect": "minecraft:speed",
				"duration": 200,
				"amplifier": 1
			}
		}
		]
	}
}