{
	"type": "origins:multiple",
	"name": "Piggyback",
	"description": "Other Non-Giants can ride on top of you, and can be thrown",
	"mount": {
		"type": "origins:action_on_being_used",
		"bientity_action": {
			"type" :"origins:mount",
			"inverted": true
		},
		"bientity_condition": {
			"type": "origins:and",
			"conditions": [
			{
				"type": "origins:actor_condition",
				"inverted": true,
				"condition": {
					"type": "origins:origin",
					"origin": "giantorigin:giant",
					"layer": "origins:origin"
				}
			},
			{
				"type": "origins:target_condition",
				"condition": {
					"type": "origins:passenger",
					"inverted": true
				}
			}
			]
		}
	},
	"throw": {
		"type": "origins:active_self",
		"key": {
			"key": "key.origins.secondary_active"
		},
		"condition": {
			"type": "origins:passenger"
		},
		"entity_action": {
			"type": "origins:passenger_action",
			"action": {
				"type": "origins:and",
				"actions": [
				{
					"type": "origins:dismount"
				},
				{
					"type": "origins:add_velocity",
					"y": 1
				}
				]
			},
			"bientity_action": {
				"type": "origins:invert",
				"action": {
					"type": "origins:add_velocity",
					"y": -2
				}
			}
		}
	}
}