{
	"type": "origins:multiple",
	"name": "Colossal Slam",
	"description": "You can slam into the ground, creating a small explosion, and throwing off passengers",
	"resource": {
		"type": "origins:resource",
		"min": 0,
		"max": 1,
		"hud_render": {
			"should_render": false
		}
	},
	"down": {
		"type": "origins:active_self",
		"hidden": true,
		"key": {
			"key": "key.origins.primary_active"
		},
		"cooldown": 900,
		"hud_render": {
			"sprite_location": "origins:textures/gui/community/spiderkolo/resource_bar_02.png",
			"bar_index": 2
		},
		"condition": {
			"type": "origins:fluid_height",
			"fluid": "water",
			"comparison": "==",
			"compare_to": 0
		},
		"entity_action": {
			"type": "origins:and",
			"actions": [
			{
				"type": "origins:add_velocity",
				"y": 0.5
			},
			{
				"type": "origins:delay",
				"ticks": 5,
				"action": {
					"type": "origins:add_velocity",
					"y": -0.67
				}
			},
			{
				"type": "origins:change_resource",
				"resource": "giantorigin:slam_resource",
				"change": 1
			},
			{
				"type": "origins:passenger_action",
				"action": {
					"type": "origins:dismount"
				}
			}
			]
		}
	},
	"damage": {
		"type": "origins:action_on_land",
		"condition": {
			"type": "origins:resource",
			"resource": "giantorigin:slam_resource",
			"comparison": "==",
			"compare_to": 1
		},
		"entity_action": {
			"type": "origins:and",
			"actions": [
			{
				"type": "origins:change_resource",
				"resource": "giantorigin:slam_resource",
				"change": -1
			},
			{
				"type": "origins:explode",
				"power": 1.5,
				"damage_self": false,
				"indestructible": {
					"type": "origins:or",
					"conditions": [
					{
						"type": "origins:block",
						"block": "minecraft:chest"
					},
					{
						"type": "origins:block",
						"block": "minecraft:barrel"
					},
					{
						"type": "origins:block",
						"block": "minecraft:cobweb"
					},
					{
						"type": "origins:block",
						"block": "minecraft:spawner"
					}
					]
				}
			}
			]
		}
	},
	"water": {
		"type": "origins:action_over_time",
		"interval": 20,
		"condition": {
			"type": "origins:or",
			"conditions": [
			{
				"type": "origins:on_block",
				"block_condition": {
					"type": "origins:movement_blocking"
				}
			},
			{
				"type": "origins:fluid_height",
				"fluid": "water",
				"comparison": ">",
				"compare_to": 0
			}
			]
		},
		"rising_action": {
			"type": "origins:change_resource",
			"resource": "giantorigin:slam_resource",
			"change": -1
		}
	}
}