{
  "type": "origins:multiple",
  "decrease_size": {
	"type": "origins:action_over_time",
    "entity_action": {
	  "type": "origins:and",
	  "actions": [
	    {
		  "type": "origins:execute_command",
		  "command": "scale set pehkui:width 2.5 @s"
	    },
	    {
	      "type": "origins:execute_command",
		  "command": "scale set pehkui:height 2.5 @s"
        }
	  ]
    },
    "interval": 20
  },
  "attribute_modifiers": {
	"type": "origins:attribute",
	"modifiers": [
	  {
	    "attribute": "generic.max_health",
	    "operation": "addition",
	    "value": 10
	  },
	  {
	    "attribute": "generic.attack_speed",
	    "value": -1,
	    "operation": "addition"
	  },
	  {
	    "attribute": "generic.movement_speed",
	    "value": -0.001,
	    "operation": "addition"
	  },
	  {
	    "attribute": "reach-entity-attributes:attack_range",
	    "operation": "addition",
	    "value": 3
	  },
	  {
	    "attribute": "reach-entity-attributes:reach",
	    "value": 1.7,
	    "operation": "addition"
	  }
	]
  },
  "name": "Giant Sized",
  "description": "You are now 5 blocks tall, and have 5 extra hearts."
}