{
	"type": "origins:multiple",
	"jump": {
		"type": "origins:modify_jump",
		"modifier": {
			"name": "Origin modifier",
			"value": 0.3,
			"operation": "addition"
		}
	},
	"invulnerability": {
		"type": "origins:invulnerability",
		"damage_condition": {
			"type": "origins:name",
			"name": "fall"
		},
		"condition": {
			"type": "origins:fall_distance",
			"comparison": "<=",
			"compare_to": 5
		}
	},
	"name": "Strong Legs",
	"description": "You are able to jump higher than a normal human."
}