{
	"type": "origins:multiple",
	"tiny": {
		"type": "origins:action_over_time",
		"entity_action": {
			"type": "origins:and",
			"actions": [
				{
					"type": "origins:execute_command",
					"command": "scale set pehkui:width 0.1 @s"
				},
				{
					"type": "origins:execute_command",
					"command": "scale set pehkui:height 0.1 @s"
				}
			]
		},
		"interval": 20
	},
	"attributes": {
		"type": "origins:attribute",
		"modifiers": [
			{
				"name": "decrease health",
				"attribute": "generic.max_health",
				"operation": "addition",
				"value": -10
			},
			{
				"name": "decrease speed",
				"attribute": "generic.movement_speed",
				"value": -0.02,
				"operation": "addition"
			},
			{
				"name": "decrease attack range",
				"attribute": "reach-entity-attributes:attack_range",
				"operation": "addition",
				"value": -999999
			},
			{
				"name": "decrease reach",
				"attribute": "reach-entity-attributes:reach",
				"value": -3.5,
				"operation": "addition"
			},
			{
				"name": "decrease damage",
				"attribute": "generic.attack_damage",
				"value": -1,
				"operation": "multiply_base"
			}
		]
	},
	"name": "Tiny",
	"description": "You are now 3 pixels tall, and have 5 hearts."
}