{
    "type": "origins:action_over_time",
    "interval": 20,
    "entity_action": {
        "type": "origins:and",
        "actions": [{
                "type": "origins:execute_command",
                "command": "team add arthropods"
            },
            {
                "type": "origins:execute_command",
                "command": "team join arthropods @s"
            },
            {
                "type": "origins:execute_command",
                "command": "team join arthropods @e[type=minecraft:spider]"
            },
            {
                "type": "origins:execute_command",
                "command": "team join arthropods @e[type=minecraft:cave_spider]"
            },
            {
                "type": "origins:execute_command",
                "command": "team join arthropods @e[type=minecraft:silverfish]"
            }
        ]
    },
    "name": "Arthropod Omnilingualism",
    "description": "As an arthropod yourself, other arthropods, such as Spiders, Cave Spiders, and Silverfish, will not attack you due to your relation."
}