{
    "type": "origins:stacking_status_effect",
    "min_stacks": 0,
    "max_stacks": 1,
    "duration_per_stack": 20,
    "effects": [
        {
            "effect": "minecraft:slowness",
            "amplifier": 0,
            "is_ambient": true,
            "show_particles": false,
            "show_icon": false
        }

    ],
    "condition": {
        "type": "origins:and",
        "conditions": [
            {
                "type": "origins:exposed_to_sky"
            },
            {
                "type": "origins:daytime",
                "inverted": false
            }
        ]
    },
    "name": "Nocturnal",
    "description": "You will gain slowness during the day as you are nocturnal. You will also revert to dealing only one heart of damage as long as the sun is up."
}