{
    "type": "origins:fire_projectile",
    "entity_type": "minecraft:arrow",
    "cooldown": 30,
    "count": 1,
    "speed": 3,
    "divergence": 1,
    "sound": "minecraft:entity.llama.eat",
    "tag": "{pickup:0b,CustomPotionEffects:[{Id:19,Duration:100,Amplifier:1b}]}",
    "key": {
        "key": "key.origins.primary_active",
        "continuous": false
    },
    "hud_render": {
        "should_render": true,
        "sprite_location": "origins:textures/gui/community/spiderkolo/resource_bar_03.png",
        "bar_index": 21
    },
    "name": "Poisonous Pierce",
    "description": "During attack, you can shoot and inflict your victim with poison via an airborne fraction of your metasoma."
}