{
    "type": "origins:phasing",
    "blacklist": true,
    "render_type": "blindness",
    "view_distance": 10,
    "block_condition": {
        "type": "origins:in_tag",
        "tag": "origins:unphasable"
    },
    "condition": {
        "type": "origins:health",
        "compare_to": 7,
        "comparison": "<"
    },
    "phase_down_condition": {
        "type": "origins:and",
        "conditions": [
            {
                "type": "origins:sneaking"
            },
            {
                "type": "origins:on_block"
            },
            {
                "type": "origins:health",
                "compare_to": 7,
                "comparison": "<"
            }
        ]
    },
    "name": "Burrow",
    "description": "With your endermite form's power, you can burrow and phase through blocks when HP is low."
}