{
    "type": "origins:restrict_armor",
    "head": {
        "type": "origins:armor_value",
        "comparison": ">",
        "compare_to": 0
    },
    "chest": {
        "type": "origins:armor_value",
        "comparison": ">",
        "compare_to": 0
    },
    "legs": {
        "type": "origins:armor_value",
        "comparison": ">",
        "compare_to": 0
    },
    "feet": {
        "type": "origins:armor_value",
        "comparison": ">",
        "compare_to": 0
    },
    "name": "Too Small",
    "description": "You can't wear any armor due to your size."
}