{
    "type": "origins:multiple",
    "water_tp": {
        "type": "origins:action_over_time",
        "entity_action": {
            "type": "origins:execute_command",
            "command": "spreadplayers ~ ~ 10 10 false @s"
        },
        "interval": 20,
        "condition": {
            "type": "origins:in_block",
            "block_condition": {
                "type": "origins:block",
                "block": "water"
            }
        }
    },
    "rain_tp": {
        "type": "origins:action_over_time",
        "entity_action": {
            "type": "origins:execute_command",
            "command": "spreadplayers ~ ~ 10 10 false @s"
        },
        "interval": 20,
        "condition": {
            "type": "origins:in_rain"
        }
    },
    "name": "Fear of Water",
    "description": "Even though water and rain don't damage you, it still scares you enough to force a random teleport."
}