{
    "type": "origins:multiple",
    "cd": {
        "type": "origins:cooldown",
        "cooldown": 200,
        "hud_render": {
            "should_render": true,
            "sprite_location": "origins:textures/gui/community/spiderkolo/resource_bar_02.png",
            "bar_index": 3
        }
    },
    "mine": {
        "type": "origins:modify_harvest",
        "allow": true,
        "condition": {
            "type": "origins:resource",
            "resource": "*:*_cd",
            "compare_to": 0,
            "comparison": "=="
        }
    },
    "cd_start": {
        "type": "origins:action_on_block_break",
        "entity_action": {
            "type": "origins:trigger_cooldown",
            "power": "*:*_cd"
        },
        "only_when_harvested": true
    },
    "name": "Block Grab",
    "description": "Every 10 seconds, you will be able to get one block's drops irrelevant of your tool's harvest level."
}