{
	"parent": "item/handheld_rod",
	"textures": {
		"layer0": "item/fishing_rod_cast"
	},
	"overrides": [
		{"predicate": {"custom_model_data":1}, "model": "custom/fishermans_rod_cast"},
		{"predicate": {"custom_model_data":2}, "model": "custom/netherite_rod_cast"},
		{"predicate": {"custom_model_data":3}, "model": "custom/prismarine_rod_cast"},
		{"predicate": {"custom_model_data":4}, "model": "custom/copper_rod_cast"},
		{"predicate": {"custom_model_data":5}, "model": "custom/copper_rod_cast"},
		{"predicate": {"custom_model_data":6}, "model": "custom/oxidized_copper_rod_cast"},
		{"predicate": {"custom_model_data":7}, "model": "custom/redstone_rod_cast"},
		{"predicate": {"custom_model_data":8}, "model": "custom/chorus_fruit_rod_cast"},
		{"predicate": {"custom_model_data":9}, "model": "custom/blaze_rod_cast"},
		{"predicate": {"custom_model_data":10}, "model": "custom/bone_rod_cast"},
		{"predicate": {"custom_model_data":11}, "model": "custom/bamboo_rod_cast"},
		{"predicate": {"custom_model_data":12}, "model": "custom/netherite_rod_cast"}
	]
}