 {
  "type": "origins:active_self",
  "entity_action": {
    "type": "origins:and",
    "actions": [
      {
        "type": "origins:execute_command",
        "command": "gamemode spectator @s",
        "permission_level": 4
      },
      {
        "type": "origins:execute_command",
        "command": "particle minecraft:soul_fire_flame ~ ~ ~ 1 1 1 1 1000 normal",
        "permission_level": 4
      },
      {
        "type": "origins:delay",
        "ticks": 200,
        "action": {
          "type": "origins:execute_command",
          "command": "gamemode survival @s",
          "permission_level": 4
        }
      },
        {
          "type": "origins:delay",
          "ticks": 200,
          "action": {
            "type": "origins:execute_command",
            "command": "particle minecraft:soul_fire_flame ~ ~ ~ 1 1 1 1 1000 normal",
            "permission_level": 4
        }
      }
    ]
  },
  "cooldown": 600,
  "key": {
    "key": "key.origins.primary_active"
  },
  "hud_render": {
    "bar_index": 0,
    "sprite_location": "origins:textures/gui/community/huang/resource_bar_01.png"
  },
  "name": "Cosmic Realm",
  "description": "You enter the Cosmic Realm where you can observe the world or use it to travel around."
}
