{
  "type": "origins:active_self",
  "entity_action": {
    "type": "origins:apply_effect",
    "effects": [
      {
        "effect": "minecraft:strength",
        "amplifier": 1,
        "duration": 200,
        "show_particles": false
      },
      {
        "effect": "minecraft:glowing",
        "duration": 200,
        "show_particles": false
      }
    ]
  },
  "cooldown": 800,
  "key": {
    "key": "key.origins.ternary_active"
  },
  "hud_render": {
    "should_render": true,
    "sprite_location": "origins:textures/gui/community/huang/resource_bar_02.png",
    "bar_index": 16
  },
  "name": "Cosmic Claws",
  "description": "You have claws that are imbedded with your Cosmic Energy which you can use to do extra damage."
}
