{
    "name": "Fish Lover",
    "description": "Because you love fish so much its the only thing you will eat.",
    "type": "origins:prevent_item_use",
    "item_condition": {
        "type": "origins:and",
        "conditions":[
            {
                "type": "origins:food"
            },
            {
                "type": "origins:ingredient",
                "ingredient":{
                    "tag": "minecraft:fishes"
                },
                "inverted": true
            },
            {
                "type": "origins:ingredient",
                "ingredient":{
                    "item": "minecraft:chorus_fruit"
                },
                "inverted": true
        },
            {
                "type": "origins:ingredient",
                "ingredient":{
                    "item": "minecraft:golden_apple"
                },
                "inverted": true
        },
            {
                "type": "origins:ingredient",
                "ingredient":{
                    "item": "minecraft:enchanted_golden_apple"
                },
                "inverted": true
            }
        ]
    }
}
