{
  "type": "origins:active_self",
  "entity_action": {
    "type": "origins:and",
    "actions": [
      {
        "type": "origins:execute_command",
        "command": "effect give @e[distance=1..10] minecraft:levitation 5 1 true",
        "permission_level": 4
      },
      {
        "type": "origins:execute_command",
        "command": "effect give @s minecraft:glowing 5 0 true",
        "permission_level": 4
      }
    ]
  },
  "key": {
    "key": "key.origins.secondary_active"
  },
  "cooldown": 600,
  "hud_render": {
    "should_render": true,
    "bar_index": 19,
    "sprite_location": "origins:textures/gui/community/huang/resource_bar_02.png"
  },
  "name": "Gravity Harness",
  "description": "You harness the Earth's gravity to reverse it around you making anything nearby float."
}
