{
  "type": "origins:prevent_sleep",
  "message": "You feel too worried to sleep here.",
  "block_condition": {
    "type": "origins:or",
    "conditions": [
      {
        "type": "origins:exposed_to_sky",
        "inverted": true
      },
      {
        "type": "origins:height",
        "comparison": ">=",
        "compare_to": 70,
        "inverted": true
      }
    ]
  },
  "name": "High Perch",
  "description": "You have to be exposed to the sky and above Y 70 to sleep because you whiskers increase your senses making you need to be certain you will not be attacked."
}
