{
  "type": "origins:stacking_status_effect",
  "min_stacks": 0,
  "max_stacks": 1,
  "duration_per_stack": 20,
  "effect": {
      "effect": "minecraft:weakness",
      "duration": 100,
      "amplifier": 1,
      "is_ambient": true,
      "show_particles": false,
      "show_icon": true
  },
  "condition": {
    "type": "origins:or",
    "conditions": [
      {
        "type": "origins:fluid_height",
        "fluid": "minecraft:water",
        "comparison": ">",
        "compare_to": 0.0
    },
    {
      "type": "origins:in_rain"
    }
    ]
  },
  "name": "Wet Weakness",
  "description": "Because you are part cat you hate water because of this when you are in rain or water you get weaker."
}
