{
    "name": "Confidence",
    "description": "You think that you won't die in your dream world. You refuse to wear armor.",
    "loading_priority": 7,
    "type": "origins:conditioned_restrict_armor",
    "head": {
        "type": "origins:armor_value",
        "comparison": ">",
        "compare_to": 0
    },
    "chest": {
        "type": "origins:armor_value",
        "comparison": ">",
        "compare_to": 0
    },
    "legs": {
        "type": "origins:armor_value",
        "comparison": ">",
        "compare_to": 0
    },
    "feet": {
        "type": "origins:armor_value",
        "comparison": ">",
        "compare_to": 0
    },
    "tick_rate": 1
}