{
    "hidden": true,
    "condition": {
        "type": "origins:ability",
        "ability": "dreamer:calming"
    },
    "type": "origins:prevent_entity_use",
    "bientity_action": {
        "type": "origins:actor_action",
        "action": {
            "type": "origins:execute_command",
            "command": "title @s actionbar {\"text\":\"You are calm.\",\"italic\":true,\"color\":\"#52FFB1\"}"
        }
    },
    "bientity_condition": {
        "type": "origins:distance",
        "comparison": "<",
        "compare_to": 6
    },
    "hands": [
        "off_hand",
        "main_hand"
    ]
}