{
    "name": "Calming",
    "description": "Calm down anyone around you. Making affected entities heal and deal 0 melee damage.",
    "loading_priority": 7,
    "badges": [
        {
            "sprite": "origins:textures/gui/badge/star.png"
        }
    ],
    "type": "origins:active_self",
    "entity_action": {
        "type": "origins:execute_command",
        "command": "effect give @e[distance=..5,tag=!dreamer_tag] weakness 6 255 true"
    },
    "cooldown": 240,
    "hud_render": {
        "should_render": true,
        "sprite_location": "origins:textures/gui/community/huang/resource_bar_01.png",
        "bar_index": 4
    },
    "key": {
        "key": "key.origins.primary_active"
    }
}