{
    "name": "Dazing Hit",
    "description": "Hitting an entity dazes them. They will deal less damage for awhile. Huh, why is the pig glowing?",
    "loading_priority": 4,
    "type": "origins:target_action_on_hit",
    "damage_condition": {
        "type": "origins:attacker"
    },
    "entity_action": {
        "type": "origins:execute_command",
        "command": "particle minecraft:end_rod ^ ^1.8 ^-.1 .3 .3 .3 0 200 force"
    },
    "cooldown": 80,
    "hud_render": {
        "should_render": true,
        "sprite_location": "origins:textures/gui/community/huang/resource_bar_01.png",
        "bar_index": 19
    }
}