{
    "name": "Tasty Treat",
    "description": "Summon a tasty treat out of thin air. Maybe I should share it with the others.",
    "loading_priority": 6,
    "type": "origins:active_self",
    "entity_action": {
        "type": "origins:execute_command",
        "command": "give @p cookie{display:{Name:'[{\"text\":\"Dream Cookie\",\"italic\":false}]',Lore:['[{\"text\":\"It smells good.\",\"italic\":false}]']},Enchantments:[{}]} 1"
    },
    "cooldown": 80,
    "hud_render": {
        "should_render": true,
        "sprite_location": "origins:textures/gui/community/huang/resource_bar_02.png",
        "bar_index": 18
    },
    "key": {
        "key": "key.origins.secondary_active"
    }
}