{
	"powers": [
		"fishermen:lucky_catch",
		"fishermen:heart_sea",
		"fishermen:scoreboard",
		"fishermen:omega",
		"fishermen:fishing_bobber",
		"fishermen:fishing_rod_variants",
		"fishermen:copper_age",
		"fishermen:rod",
		"fishermen:bobber_effect",
		"fishermen:fish_cult",
		"fishermen:cult_bobber_effect",
		"fishermen:clock",
		"fishermen:clock_rain",
		"fishermen:clock_thunder",
		"fishermen:clock_clear",
		"fishermen:clock_change",
		"fishermen:clock_bed"
	],
	"icon": {
            "item": "minecraft:fishing_rod",
            "tag": "{CustomModelData:1}"
        },
	"order": 10,
	"impact": 0,
	"name": "Fishermen",
	"description": "Your bad with a hoe and raising cattle is hard work. Your solution? Fishing."
}