{
	"type": "origins:multiple",
	"name": "Transformation",
	"description": "You can toggle your bat form with your primary key, becoming smaller, darker, growing wings, and becoming substantially weaker.",
	"toggle": {
		"type": "origins:toggle",
		"active_by_default": false,
		"retain_state": false
	},
	"elytra": {
		"type": "origins:elytra_flight",
		"render_elytra": true,
		"condition": {
			"type": "origins:power_active",
			"power": "*:*_toggle"
		}
	},
	"model": {
		"type": "origins:model_color",
		"red": 0.30196078431372549019607843137255,
		"green": 0.21568627450980392156862745098039,
		"blue": 0.12156862745098039215686274509804,
		"condition": {
			"type": "origins:power_active",
			"power": "*:*_toggle"
		}
	},
	"scale": {
		"type": "origins:active_self",
		"entity_action": {
			"type": "origins:if_else",
			"condition": {
				"type": "origins:power_active",
				"power": "*:*_toggle",
				"inverted": true
			},
			"if_action": {
				"type": "origins:and",
				"actions": [
					{
						"type": "origins:execute_command",
						"command": "scale set pehkui:height 0.26"
					},
					{
						"type": "origins:execute_command",
						"command": "scale set pehkui:width 0.26"
					}
				]
			},
			"else_action": {
				"type": "origins:and",
				"actions": [
					{
						"type": "origins:execute_command",
						"command": "scale reset @s"
					}
				]
			}
		}
	},
	"health_when_bat": {
		"type": "origins:conditioned_attribute",
		"modifier": {
			"name": "One heart of health when bat",
			"attribute": "minecraft:generic.max_health",
			"value": -18,
			"operation": "addition"
		},
		"condition": {
			"type": "origins:power_active",
			"power": "*:*_toggle"
		}
	},
	"health_when_not_bat": {
		"type": "origins:conditioned_attribute",
		"modifier": {
			"name": "One heart of health when bat",
			"attribute": "minecraft:generic.max_health",
			"value": 6,
			"operation": "addition"
		},
		"condition": {
			"type": "origins:power_active",
			"power": "*:*_toggle",
			"inverted": true
		}
	}
}