{
		"type": "origins:stacking_status_effect",
	"min_stacks": 0,
	"max_stacks": 1,
	"duration_per_stack": 220,
	"effects": [
		{
			"effect": "minecraft:slowness",
			"duration": 100,
			"amplifier": 1,
			"is_ambient": true,
			"show_particles": false,
			"show_icon": true
		},
		{
			"effect": "minecraft:weakness",
			"duration": 100,
			"amplifier": 0,
			"is_ambient": true,
			"show_particles": false,
			"show_icon": true
		}
	],
    "condition": {
        "type": "origins:and",
        "conditions": [
            {
                "type": "origins:exposed_to_sky"
            },
            {
                "type": "origins:daytime",
                "inverted": false
            }
     ]
 },
	"name": "Daytime",
	"description": "During the day, you become much weaker, and have slowness.",
        "hidden": false
}
