{
    "type": "origins:multiple",
    "prices": {        
	"type": "origins:action_over_time",
	"entity_action": {
		"type": "origins:and",
        "actions": [
            {
                "type": "origins:execute_command",
                "command": "data modify storage offworld vill set value {Type: \"trading\", Value: -50}",
                "permission_level": 4
            },
            {
                "type": "origins:execute_command",
                "command": "data modify storage offworld vill.Target set from entity @s UUID",
                "permission_level": 4
            },
            {
                "type": "origins:execute_command",
                "command": "execute as @e[type=minecraft:villager] run data modify entity @s Gossips append from storage minecraft:offworld vill",
                "permission_level": 4
            }
        ]
	},
	"interval": 5
    },
    "golems": {
        "type": "origins:action_over_time",
        "interval": 10,
        "entity_action": {
            "type": "origins:and",
            "actions": [
                {
                    "type": "origins:execute_command",
                    "command": "execute at @s as @e[type=minecraft:iron_golem,distance=..10] run data modify entity @s AngryAt set from entity @p UUID",
                    "permission_level": 2
                },
                {
                    "type": "origins:execute_command",
                    "command": "execute at @s as @e[type=minecraft:iron_golem,distance=..10] run data modify entity @s AngerTime set value 60",
                    "permission_level": 2
                }
            ]
        },
        "condition": {
            "type": "origins:power_active",
            "power": "*:bat_toggle"
        }
    },

    "name": "Feared Monster",
    "description": "As you are feared by all around you, villagers raise their prices for you."
}