{
	"name": "Half Undead",
	"description": "Villagers raised the price for you and iron golem will attack you.",
	"type": "origins:multiple",

	"trades": {
		"type": "origins:action_over_time",
		"interval": 40,
		"entity_action": {
			"type": "origins:and",
        		"actions": [
            			{
                			"type": "origins:execute_command",
                			"command": "data modify storage hated vill set value {Type: \"trading\", Value: -200}",
                			"permission_level": 4
            			},
            			{
                			"type": "origins:execute_command",
                			"command": "data modify storage hated vill.Target set from entity @s UUID",
                			"permission_level": 4
            			},
            			{
                			"type": "origins:execute_command",
                			"command": "execute as @e[type=minecraft:villager] run data modify entity @s Gossips append from storage minecraft:hated vill",
                			"permission_level": 4
            			}
        		]
		}
	},

	"iron_golem_attack": {
		"type": "origins:action_over_time",
		"interval": 10,
		"entity_action": {
			"type": "origins:and",
			"actions": [
				{
					"type": "origins:execute_command",
					"command": "execute at @s as @e[type=minecraft:iron_golem,distance=..10] run data modify entity @s AngryAt set from entity @p[team=hel] UUID",
					"permission_level": 2
				},
				{
					"type": "origins:execute_command",
					"command": "execute at @s as @e[type=minecraft:iron_golem,distance=..10] run data modify entity @s AngerTime set value 60",
					"permission_level": 2
				}
			]
		}
	},
	
	"iron_golem_no_aggro": {
		"type": "origins:action_over_time",
		"interval": 10,
		"entity_action": {
			"type": "origins:and",
			"actions": [
				{
					"type": "origins:execute_command",
					"command": "execute at @s as @e[type=minecraft:iron_golem,distance=10..20] run data modify entity @s AngryAt set from entity @s UUID",
					"permission_level": 2
				},
				{
					"type": "origins:execute_command",
					"command": "execute at @s as @e[type=minecraft:iron_golem,distance=10..20] run data modify entity @s AngerTime set value 0",
					"permission_level": 2
				}
			]
		}
	}
}