{
		"type": "origins:stacking_status_effect",
	"min_stacks": 0,
	"max_stacks": 1,
	"duration_per_stack": 220,
	"effects": [
		{
			"effect": "minecraft:speed",
			"duration": 100,
			"amplifier": 8,
			"is_ambient": true,
			"show_particles": false,
			"show_icon": true
		},
		{
			"effect": "minecraft:strength",
			"duration": 100,
			"amplifier": 4,
			"is_ambient": true,
			"show_particles": false,
			"show_icon": true
		},
                {
                        "effect": "minecraft:night_vision",
                        "duration": 100,
                        "amplifier": 1,
                        "is_ambient": true,
                        "show_particles": false,
                        "show_icon": true
                }
	],
    "condition": {
        "type": "origins:and",
        "conditions": [
            {
                "type": "origins:daytime",
                "inverted": true
            }
        ]
    },
	"name": "Night-Form",
	"description": "During the night, you gain Speed, and Night Vision to help navigate through the night.",
        "hidden": false
}
