{
    "type": "origins:active_self",
    "name": "Whoosh!",
    "description": "You can perfrom an incredible leap into the air!",
    "key": 
	{
        "key": "key.pickItem"
    },
    "entity_action": 
	{
        "type": "origins:add_velocity",
        "space": "local",
        "z": 2.0
    },
    "cooldown": 100,
    "hud_render": 
	{
        "sprite_location": "origins:textures/gui/community/spiderkolo/resource_bar_02.png",
        "should_render": true,
        "bar_index": 14
    }
}