{
    "type": "origins:modify_damage_taken",
    "damage_condition": {
        "type": "origins:attacker",
        "entity_condition": {
            "type": "origins:equipped_item",
            "equipment_slot": "mainhand",
            "item_condition": {
                "type": "origins:ingredient",
                "ingredient": {
                    "type": "origins:in_tag",
                    "tag": "vampire:wooden"
                }
            }
        }
    },
    "modifier": {
        "name": "weak to wooden items",
        "operation": "addition",
        "value": 60
    },
    "name": "Stake!",
    "description": "Wooden weapons will instantly kill you, watch out!"
}