{
    "name": "Sunhat",
    "description": "You can wear a helmet to avoid burning in the sun, however this only works if you have more than a quarter of your blood",
    "type": "origins:burn",
    "interval": 20,
    "burn_duration": 2,
    "condition": {
        "type": "origins:and",
        "conditions": [
            {
                "type": "origins:equipped_item",
                "equipment_slot": "head",
                "item_condition": {
                    "type": "origins:ingredient",
                    "ingredient": {
                        "item": "minecraft:leather_helmet"
                    }
                },
                "inverted": true
            },
            {
                "type": "origins:equipped_item",
                "equipment_slot": "head",
                "item_condition": {
                    "type": "origins:ingredient",
                    "ingredient": {
                        "item": "minecraft:chainmail_helmet"
                    }
                },
                "inverted": true
            },
            {
                "type": "origins:equipped_item",
                "equipment_slot": "head",
                "item_condition": {
                    "type": "origins:ingredient",
                    "ingredient": {
                        "item": "minecraft:diamond_helmet"
                    }
                },
                "inverted": true
            },
            {
                "type": "origins:equipped_item",
                "equipment_slot": "head",
                "item_condition": {
                    "type": "origins:ingredient",
                    "ingredient": {
                        "item": "minecraft:iron_helmet"
                    }
                },
                "inverted": true
            },
            {
                "type": "origins:equipped_item",
                "equipment_slot": "head",
                "item_condition": {
                    "type": "origins:ingredient",
                    "ingredient": {
                        "item": "minecraft:golden_helmet"
                    }
                },
                "inverted": true
            },
            {
                "type": "origins:equipped_item",
                "equipment_slot": "head",
                "item_condition": {
                    "type": "origins:ingredient",
                    "ingredient": {
                        "item": "minecraft:netherite_helmet"
                    }
                },
                "inverted": true
            },
            {
                "type": "origins:exposed_to_sun"
            }
        ]
    }
}