{
    "type": "origins:action_over_time",
    "name": "Undead",
    "description": "Zombies do not attack you, you take more damage from silver, cant cross salt lines (if you use the bewitchment mod) and you dont need to breathe.",
    "interval": 20,
    "entity_action": {
        "type": "origins:and",
        "actions": [
			{
                "type": "origins:execute_command",
                "permission_level": 4,
                "command": "team add undead"
            },
            {
                "type": "origins:execute_command",
                "permission_level": 4,
                "command": "team join undead @s"
            },
            {
                "type": "origins:execute_command",
                "permission_level": 4,
                "command": "team join undead @e[type=minecraft:drowned]"
            },
            {
                "type": "origins:execute_command",
                "permission_level": 4,
                "command": "team join undead @e[type=minecraft:husks]"
            },
            {
                "type": "origins:execute_command",
                "permission_level": 4,
                "command": "team join undead @e[type=minecraft:phantoms]"
            },
			{
                "type": "origins:execute_command",
                "permission_level": 4,
                "command": "team join undead @e[type=minecraft:skeletons]"
            },
			{
                "type": "origins:execute_command",
                "permission_level": 4,
                "command": "team join undead @e[type=minecraft:skeleton_horse]"
            },
			{
                "type": "origins:execute_command",
                "permission_level": 4,
                "command": "team join undead @e[type=minecraft:stray]"
            },
			{
                "type": "origins:execute_command",
                "permission_level": 4,
                "command": "team join undead @e[type=minecraft:wither_skeleton]"
            },
            {
                "type": "origins:execute_command",
                "permission_level": 4,
                "command": "team join undead @e[type=minecraft:zombie_villager]"
            },
            {
                "type": "origins:execute_command",
                "permission_level": 4,
                "command": "team join undead @e[type=minecraft:zombified_piglin]"
            },
            {
                "type": "origins:execute_command",
                "permission_level": 4,
                "command": "team join undead @e[type=minecraft:zombie]"
            }
        ]
    }
}