{
    "name": "Conversion",
    "description": "You can press your secondary key to temporarily turn the enarest entity into a vampire, making them burn in the sun!",
    "type": "origins:active_self",
    "entity_action": {
        "type": "origins:and",
        "actions": [
            {
                "type": "origins:execute_command",
                "command": "particle minecraft:dripping_dripstone_lava ~ ~ ~ ~ ~ ~ 5 1000 force"
            },
            {
                "type": "origins:execute_command",
                "command": "tag @e[distance= ..5 , limit= 2] add vampire.vampirebat.bite"
            },
            {
                "type": "origins:execute_command",
                "command": "tag @s remove vampire.vampirebat.bite"
            },
            {
                "type": "origins:execute_command",
                "command": "power grant @e[ tag= vampire.vampirebat.bite] vampire:sunlight_burn"
            },
            {
                "type": "origins:execute_command",
                "command": "power grant @e[ tag= vampire.vampirebat.bite] vampire:remove_sun"
            },
            {
                "type": "origins:execute_command",
                "command": "title @a[tag= vampire.vampirebat.bite, limit=1] actionbar {\"text\":\"A vampire has bitten you!\",\"color\":\"white\"}"
            },
            {
                "type": "origins:execute_command",
                "command": "tag @e[ limit= 1, tag= vampire.vampirebat.bite, distance= ..10] remove vampire.vampirebat.bite"
            }
        ]
    },
    "key": {
        "key": "key.origins.secondary_active"
    },
    "cooldown": 100,
    "hud_render": {
        "should_render": true,
        "sprite_location": "origins:textures/gui/community/spiderkolo/resource_bar_02.png",
        "bar_index": "1"
    }
}