{
	"type": "origins:action_over_time",
	"interval": 1,
	"entity_action": {
		"type": "origins:apply_effect",
		"effect": {
			"effect": "minecraft:slowness",
			"duration": 2,
			"amplifier": 2,
			"show_icon": false,
			"show_particles": false,
			"is_ambient": false
		}
	},
	"condition": {
		"type": "origins:or",
		"conditions": [
			{
				"type": "origins:block_in_radius",
				"radius": 0,
				"shape": "cube",
				"block_condition": {
					"type": "origins:offset",
					"condition": {
						"type": "origins:and",
						"conditions": [
							{
								"type": "origins:block",
								"block": "minecraft:water"
							},
							{
								"type": "origins:block_state",
								"property": "level",
								"comparison": "!=",
								"compare_to": 0
							}
						]
					},
					"y": -1
				}
			},
			{
				"type": "origins:block_in_radius",
				"radius": 0,
				"shape": "cube",
				"block_condition": {
					"type": "origins:offset",
					"condition": {
						"type": "origins:and",
						"conditions": [
							{
								"type": "origins:block",
								"block": "minecraft:water"
							},
							{
								"type": "origins:block_state",
								"property": "level",
								"comparison": "!=",
								"compare_to": 0
							}
						]
					},
					"y": -2
				}
			},
			{
				"type": "origins:block_in_radius",
				"radius": 0,
				"shape": "cube",
				"block_condition": {
					"type": "origins:offset",
					"condition": {
						"type": "origins:and",
						"conditions": [
							{
								"type": "origins:block",
								"block": "minecraft:water"
							},
							{
								"type": "origins:block_state",
								"property": "level",
								"comparison": "!=",
								"compare_to": 0
							}
						]
					},
					"y": -3
				}
			}
		]
	},
	"name": "Old Fashioned Rules",
	"description": "You struggle crossing flowing water, so you get slowness 3 while above it."
}