{
	"powers": [
		"scor:poisonous_pierce",
		"scor:red_skin",
		"scor:hard_exo",
		"scor:superhuman_size",
		"scor:poison_immune",
		"scor:light_armour",
		"origins:carnivore",
		"scor:arthro_speak",
		"scor:nocturnal",
		"scor:wet_joints",
		"scor:crawling",
		"scor:nocturnal2",
		"scor:double_jump",
		"scor:strength"
	],
	"icon": "minecraft:nether_wart",
	"order": 10,
	"impact": 1,
	"name": "Scorpioid",
	"description": "An ancient anthropomorphic-arthropod hybrid of scorpion and human resulted this venomous, sizable warrior, capable of extraordinary strength and toxic power."
}
