[
  {
    "function": "minecraft:set_enchantments",
    "enchantments": {
      "minecraft:efficiency": {
        "type": "minecraft:constant",
        "value": 1
      }
    },
    "add": true,
    "conditions": [
      {
        "condition": "minecraft:entity_properties",
        "entity": "this",
        "predicate": {
          "equipment": {
            "mainhand": {
              "nbt": "{deep_mining_enchant:1,deepslateLevel:2}"
            }
          }
        }
      }
    ]
  },
  {
    "function": "minecraft:set_nbt",
    "tag": "{deepslateLevel:3}"
  }
]