{
    "type": "apoli:multiple",
    "show_indicators": {
        "type": "apoli:resource",
        "min": 0,
        "max": 1,
        "hud_render": {
            "should_render": false
        }
    },
    "horizontally": {
        "type": "apoli:resource",
        "min": 0,
        "max": 1,
        "hud_render": {
            "should_render": true,
            "sprite_location": "origins:textures/gui/community/spiderkolo/resource_bar_03.png",
            "bar_index": 17,
            "condition": {
                "type": "apoli:resource",
                "resource": "*:*_show_indicators",
                "comparison": "==",
                "compare_to": 1
            }
        }
    },
    "vertically": {
        "type": "apoli:resource",
        "min": 0,
        "max": 1,
        "hud_render": {
            "should_render": true,
            "sprite_location": "origins:textures/gui/community/spiderkolo/resource_bar_03.png",
            "bar_index": 16,
            "condition": {
                "type": "apoli:resource",
                "resource": "*:*_show_indicators",
                "comparison": "==",
                "compare_to": 1
            }
        }
    },
    "compare_pos": {
        "type": "apoli:action_over_time",
        "interval": 1,
        "entity_action": {
            "type": "apoli:and",
            "actions": [
                {
                    "type": "apoli:execute_command",
                    "command": "function moving:impl/compare_pos"
                },
                {
                    "type": "apoli:if_else",
                    "condition": {
                        "type": "apoli:command",
                        "command": "execute if entity @s[tag = moving.state_horizontally]",
                        "comparison": ">=",
                        "compare_to": 1
                    },
                    "if_action": {
                        "type": "apoli:change_resource",
                        "resource": "*:*_horizontally",
                        "change": 1
                    },
                    "else_action": {
                        "type": "apoli:if_else",
                        "condition": {
                            "type": "apoli:command",
                            "command": "scoreboard players get @s moving.h_ticks",
                            "comparison": "==",
                            "compare_to": 0
                        },
                        "if_action": {
                            "type": "apoli:change_resource",
                            "resource": "*:*_horizontally",
                            "change": -1
                        }
                    }
                },
                {
                    "type": "apoli:if_else",
                    "condition": {
                        "type": "apoli:command",
                        "command": "execute if entity @s[tag = moving.state_vertically]",
                        "comparison": ">=",
                        "compare_to": 1
                    },
                    "if_action": {
                        "type": "apoli:change_resource",
                        "resource": "*:*_vertically",
                        "change": 1
                    },
                    "else_action": {
                        "type": "apoli:if_else",
                        "condition": {
                            "type": "apoli:command",
                            "command": "scoreboard players get @s moving.v_ticks",
                            "comparison": "==",
                            "compare_to": 0
                        },
                        "if_action": {
                            "type": "apoli:change_resource",
                            "resource": "*:*_vertically",
                            "change": -1
                        }
                    }
                },
                {
                    "type": "apoli:if_else",
                    "condition": {
                        "type": "apoli:and",
                        "conditions": [
                            {
                                "type": "apoli:resource",
                                "resource": "*:*_vertically",
                                "comparison": "==",
                                "compare_to": 1
                            },
                            {
                                "type": "apoli:on_block"
                            }
                        ]
                    },
                    "if_action": {
                        "type": "apoli:change_resource",
                        "resource": "*:*_vertically",
                        "change": -1
                    }
                }
            ]
        }
    },
    "lost": {
        "type": "apoli:action_on_callback",
        "entity_action_lost": {
            "type": "apoli:execute_command",
            "command": "function moving:impl/clear"
        }
    },
    "hidden": true
}