{
    "name": "Lethal Tempo",
    "description": "Gain +10% Attack Speed on-attack for 5 secs, up to +50%.",
    "type": "origins:multiple",
    "timer": {
        "type": "origins:resource",
        "min": 0,
        "max": 100,
        "hud_render": {
            "should_render": false
        },
        "max_action": {
            "type": "origins:and",
            "actions": [
                {
                    "type": "origins:change_resource",
                    "resource": "*:*_counter",
                    "change": 0,
                    "operation": "set"
                },
                {
                    "type": "origins:change_resource",
                    "resource": "*:*_timer",
                    "change": 0,
                    "operation": "set"
                }
            ]
        }
    },
    "timer_tick": {
        "type": "origins:action_over_time",
        "entity_action": {
            "type": "origins:change_resource",
            "resource": "*:*_timer",
            "change": 1
        },
        "interval": 1,
        "condition": {
            "type": "origins:resource",
            "resource": "*:*_counter",
            "compare_to": 0,
            "comparison": ">"
        }
    },
    "counter": {
        "type": "origins:resource",
        "min": 0,
        "max": 5,
        "hud_render": {
            "should_render": true,
            "bar_index": 16,
            "sprite_location": "origins:textures/gui/community/spiderkolo/resource_bar_03.png"
        }
    },
    "onhit": {
        "type": "origins:action_on_hit",
        "bientity_action": {
                    "type": "origins:actor_action",
                    "action": {
                        "type": "origins:change_resource",
                        "resource": "*:*_counter",
                        "change": 1
                    }
                }
        },
        "onhit2": {
            "type": "origins:action_on_hit",
            "bientity_action": {
                        "type": "origins:actor_action",
                        "action": {
                            "type": "origins:change_resource",
                            "resource": "*:*_timer",
                            "change": 0,
                            "operation": "set"
                        }
                    }
            },
    "as_1": {
        "type": "origins:conditioned_attribute",
        "modifier": {
            "attribute": "minecraft:generic.attack_speed",
            "operation": "multiply_total",
            "value": 0.1,
            "name": "Increased AS"
        },
        "tick_rate": 1,
        "condition": {
            "type": "origins:resource",
            "resource": "*:*_counter",
            "compare_to": 1,
            "comparison": "=="
        }
    },
    "as_2": {
        "type": "origins:conditioned_attribute",
        "modifier": {
            "attribute": "minecraft:generic.attack_speed",
            "operation": "multiply_total",
            "value": 0.2,
            "name": "Increased AS"
        },
        "tick_rate": 1,
        "condition": {
            "type": "origins:resource",
            "resource": "*:*_counter",
            "compare_to": 2,
            "comparison": "=="
        }
    },
    "as_3": {
        "type": "origins:conditioned_attribute",
        "modifier": {
            "attribute": "minecraft:generic.attack_speed",
            "operation": "multiply_total",
            "value": 0.3,
            "name": "Increased AS"
        },
        "tick_rate": 1,
        "condition": {
            "type": "origins:resource",
            "resource": "*:*_counter",
            "compare_to": 3,
            "comparison": "=="
        }
    },
    "as_4": {
        "type": "origins:conditioned_attribute",
        "modifier": {
            "attribute": "minecraft:generic.attack_speed",
            "operation": "multiply_total",
            "value": 0.4,
            "name": "Increased AS"
        },
        "tick_rate": 1,
        "condition": {
            "type": "origins:resource",
            "resource": "*:*_counter",
            "compare_to": 4,
            "comparison": "=="
        }
    },
    "as_5": {
        "type": "origins:conditioned_attribute",
        "modifier": {
            "attribute": "minecraft:generic.attack_speed",
            "operation": "multiply_total",
            "value": 0.5,
            "name": "Increased AS"
        },
        "tick_rate": 1,
        "condition": {
            "type": "origins:resource",
            "resource": "*:*_counter",
            "compare_to": 5,
            "comparison": "=="
        }
    }
}