{
    "type": "origins:fire_projectile",
    "entity_type": "minecraft:small_fireball",
    "cooldown": 100,
    "count": 8,
    "divergence": 80.0,
    "speed": 0.15,
    "interval": 20,
    "hud_render": {
        "should_render": false
    },
    "tag": "{pickup:0b}",
    "key": {
        "key": "key.origins.primary_active",
        "continuous": true
    },
    "name": "Fiery Barrage",
    "description": "Channeling the power of the blaze's inner furnace, unleash a wild barrage of inaccurate fireballs."
}