{
    "name": "Blast Jump",
    "description": "By firing a Firework Rocket at your feet with a crossbow, you can launch yourself through the air. Comes with built-in fall damage resistance.",
    "type": "origins:multiple",
    "jump": {
        "type": "origins:action_when_hit",
        "bientity_action": {
            "type": "origins:target_action",
            "action": {
                "type": "origins:and",
                "actions": [
                    {
                        "type": "origins:if_else",
                        "condition": {
                            "type": "origins:sneaking"
                        },
                        "if_action": {
                            "type": "origins:add_velocity",
                            "z": -2,
                            "space": "local",
                            "client": false,
                            "server": true
                        },
                        "else_action": {
                            "type": "origins:add_velocity",
                            "z": -1.5,
                            "space": "local",
                            "client": false,
                            "server": true
                        }
                    },
                    {
                        "type": "origins:set_resource",
                        "resource": "waffles_demolitionist:blast_jump_is_jumping_bool",
                        "value": 1
                    }
                ]
            }
        },
        "bientity_condition": {
            "type": "origins:distance",
            "comparison": "<",
            "compare_to": 0.5
        },
        "damage_condition": {
            "type": "origins:name",
            "name": "fireworks"
        },
        "cooldown": 0,
        "hud_render": {
            "should_render": false
        }
    },
    "is_jumping_bool": {
        "type": "origins:resource",
        "min": 0,
        "max": 1,
        "start_value": 0,
        "hud_render": {
            "should_render": false
        }
    },
    "reset_bool": {
        "type": "origins:action_on_land",
        "entity_action": {
            "type": "origins:set_resource",
            "resource": "waffles_demolitionist:blast_jump_is_jumping_bool",
            "value": 0
        }
    },
    "air_speed": {
        "condition": {
            "type": "origins:resource",
            "resource": "waffles_demolitionist:blast_jump_is_jumping_bool",
            "comparison": "==",
            "compare_to": 1
        },
        "type": "origins:modify_air_speed",
        "modifier": {
            "operation": "multiply_base",
            "value": 1.25
        }
    },
    "fall_damage_resist": {
        "type": "origins:modify_damage_taken",
        "damage_condition": {
            "type": "origins:name",
            "name": "fall"
        },
        "modifiers": [
            {
                "operation": "addition",
                "value": -5
            },
            {
                "operation": "multiply_total",
                "value": -0.75
            }
        ]
    }
}