{
    "name": "Madcap",
    "description": "You deal more damage with fireworks, take less damage from fireworks, and have a natural two levels of Blast Protection.",
    "type": "origins:multiple",
    "buff": {
        "type": "origins:modify_damage_dealt",
        "damage_condition": {
            "type": "origins:or",
            "conditions": [
                {
                    "type": "origins:name",
                    "name": "fireworks"
                }
            ]
        },
        "modifier": {
            "operation": "addition",
            "value": 3
        }
    },
    "resist_explosion": {
        "type": "origins:modify_damage_taken",
        "damage_condition": {
            "type": "origins:or",
            "conditions": [
                {
                    "type": "origins:name",
                    "name": "explosion"
                }
            ]
        },
        "modifier": {
            "operation": "multiply_total",
            "value": -0.16
        }
    },
    "resist_fireworks": {
        "type": "origins:modify_damage_taken",
        "damage_condition": {
            "type": "origins:or",
            "conditions": [
                {
                    "type": "origins:name",
                    "name": "fireworks"
                }
            ]
        },
        "modifier": {
            "operation": "multiply_total",
            "value": -0.8
        }
    }
}