{
    "type": "origins:action_over_time",
    "entity_action": {
        "type": "origins:choice",
		"actions": [
		{
			"element": {
			"type": "origins:apply_effect",
            "effect": {
                 "effect": "minecraft:strength",
                 "amplifier": 0,
                 "duration": 10000
			}
			},
             "weight":5	
		},
        {
			"element": {
			"type": "origins:apply_effect",
            "effect": {
                 "effect": "minecraft:invisibility",
                 "amplifier": 0,
                 "duration": 10000
			}
			},
             "weight":10	
		},
		{
			"element": {
			"type": "origins:apply_effect",
            "effect": {
                 "effect": "minecraft:regeneration",
                 "amplifier": 0,
                 "duration": 10000
			}
			},
             "weight":10	
		},
        {
			"element": {
			"type": "origins:apply_effect",
            "effect": {
                 "effect": "minecraft:speed",
                 "amplifier": 1,
                 "duration": 10000
			}
			},
             "weight":15
		}
      	]
	},
    "condition": {
    "type": "origins:and",
    "conditions": [
        {
            "type": "origins:time_of_day",
            "comparison": ">=",
            "compare_to": 13000
        },
        {
            "type": "origins:time_of_day",
            "comparison": "<=",
            "compare_to": 13005
        }
    ]
   },  	
    "interval": 5,
    "hidden": true
}