{
	"name": "§aWeb §aShot",
	"description": "You can shoot webs to stun your enemies.",
	"type": "origins:active_self",
	"entity_action": {
	"type": "origins:and",
    "actions": [
	{
			    "type": "origins:change_resource",
                "resource": "thera:resource",
                "change": -45
	},
	{
    "type": "origins:raycast",
    "distance": 80,
    "block": true,
    "entity": true,
    "shape_type": "outline",
    "fluid_handling": "none",
    "command_at_hit": "function thera:shootweb",
	"command_along_ray": "particle minecraft:spit ~ ~ ~ 0 0 0 0 20 normal",
    "command_step": 1,
    "command_along_ray_only_on_hit": false
    }
   ]
  },
	"condition": 
    {
		"type": "origins:resource",
        "resource": "thera:resource",
        "comparison": ">",
        "compare_to": 60
	},
		"cooldown": 0,
		"key": {
			"key": "key.origins.secondary_active",
			"continuous": false
		},
		"hud_render": {
			"sprite_location": "origins:textures/gui/community/spiderkolo/resource_bar_02.png",
			"should_render": false,
			"bar_index": 7
		}
}