{
  "name": "§cSpider §cWeakness",
  "description": "You get slowness under the sun, weakness when inside the water and iron golems attack you on sight.",
  "type": "origins:stacking_status_effect",
  "min_stacks": -20,
    "max_stacks": 10,
    "duration_per_stack": 10,
    "effect": 
        {
            "effect": "minecraft:slowness",
			"amplifier": 0,
            "is_ambient": true,
            "show_particles": false,
            "show_icon": false
		},
		"condition": {
    "type": "origins:and",
    "conditions": [
        {
            "type": "origins:time_of_day",
            "comparison": ">=",
            "compare_to": 1000
        },
        {
            "type": "origins:time_of_day",
            "comparison": "<=",
            "compare_to": 12000
        },
   {
    "type": "origins:exposed_to_sky"
    }
	]
 }
}