{
	"hidden": true,
	"type": "origins:active_self",
	"entity_action": {
	"type": "origins:and",
    "actions": [
	{
			    "type": "origins:change_resource",
                "resource": "thera:resource",
                "change": -4
	},
    {
                "type": "origins:execute_command",
                "command": "playsound minecraft:entity.sheep.shear player @a[distance=..10] ~ ~ ~ 30",
                "permission_level": 4
   },
   {
                "type": "origins:execute_command",
                "command": "give @s minecraft:string 1",
                "permission_level": 4
   }
   ]
  },
	"condition": {
		"type": "origins:and",
		"conditions": [{
		 "type": "origins:sneaking",
		 "inverted": false
	},
	{
		"type": "origins:resource",
        "resource": "thera:resource",
        "comparison": ">",
        "compare_to": 30
    },
	{
		"type": "origins:equipped_item",
        "equipment_slot": "offhand",
        "item_condition": {
			"type": "origins:ingredient",
			"ingredient": {
            "item": "minecraft:shears"
              }
          }
	}
	]
	},
		"cooldown": 0,
		"key": {
			"key": "key.origins.primary_active",
			"continuous": true
		},
		"hud_render": {
			"sprite_location": "origins:textures/gui/community/spiderkolo/resource_bar_02.png",
			"should_render": false,
			"bar_index": 7
		}
}