{
	"name": "§aWeb §aTravel",
	"description": "You can use your web to swing.",
	"type": "origins:active_self",
	"entity_action": {
		"type": "origins:and",
		"actions": [{
				"type": "origins:raycast",
				"distance": 55,
				"block": true,
				"entity": true,
				"shape_type": "collider",
				"fluid_handling": "any",
				"bientity_action": {
					"type": "origins:and",
					"actions": [{
							"type": "origins:add_velocity",
							"z": -3
						},
						{
							"type": "origins:actor_action",
							"action": {
								"type": "origins:add_velocity",
								"z": -2,
								"space": "local"
							}
						}

					]
				},
				"command_along_ray": "particle minecraft:spit ~ ~ ~ 0 0 0 0 20 normal",
				"hit_action": {
					"type": "origins:add_velocity",
					"z": 4,
					"space": "local"
				}
			},
			{
				"type": "origins:change_resource",
				"resource": "thera:resource",
				"change": -30
			},
			{
                "type": "origins:execute_command",
                "command": "function thera:swingweb",
                "permission_level": 4
         }
		],
		"cooldown": 0,
		"hud_render": {
			"should_render": false
		}
	},
	"condition": {
		"type": "origins:and",
		"conditions": [{
		"type": "origins:resource",
        "resource": "thera:resource",
        "comparison": ">",
        "compare_to": 60
 },
 {
		"type": "origins:equipped_item",
        "equipment_slot": "offhand",
        "item_condition": {
			"type": "origins:ingredient",
			"ingredient": {
            "item": "minecraft:shears"
              }
          },
		  "inverted": true
	}
	]
   }
}