{
    "name": "§f§lMilk them all!",
    "description": "You can milk any living creature.",
    "type": "origins:action_on_entity_use",
    "bientity_action":
    {
        "type": "origins:target_action",
        "action":
        {
            "type": "origins:and",
            "actions":
			[
                {
                    "type": "origins:execute_command",
                    "command": "title @s actionbar \"You have been milked.\""
                },
                {
                    "type": "origins:play_sound",
                    "sound": "entity.cow.milk",
                    "volume": 1,
                    "pitch": 1
                }
            ]
        }
    },
    "bientity_condition":
    {
        "type": "origins:target_condition",
        "condition":
        {
            "type": "origins:living"
        }
    },
    "item_condition":
    {
        "type": "origins:ingredient",
        "ingredient":
        {
            "item": "bucket"
        }
    },
    "result_stack":
    {
        "item": "milk_bucket",
        "amount": 1
    },
    "held_item_action":
    {
        "type": "origins:consume",
        "amount": 1
    },
    "action_result": "success"
}