{
  "type": "origins:active_self",
  "entity_action": {
        "type": "origins:execute_command",
        "command": "effect give @e[distance=1..10] minecraft:slowness 3 255 true",
        "permission_level": 4
      },
  "key": {
    "key": "key.origins.secondary_active"
  },
  "cooldown": 400,
  "hud_render": {
    "should_render": true,
    "sprite_location": "origins:textures/gui/community/huang/resource_bar_01.png",
    "bar_index": 18
  },
  "name": "Adorable Attack",
  "description": "You are so adorable you can freeze every thing nearby in place as they get distracted."
}
