{

"type": "origins:action_on_callback",

"entity_action_chosen":		{	"type": "origins:execute_command",
    "command": "scale set 0.25 @s"
  },

"entity_action_respawned":	{
	"type": "origins:execute_command",
    "command": "scale set 0.25 @s"
  },

"entity_action_lost":		{	"type": "origins:execute_command",
    "command": "scale set 1 @s"
  },

"entity_action_removed": 	{
    	"type": "origins:execute_command",
    "command": "scale set 1 @s"
  },

"name": "Small And Quick",
"description": "Because you are part hamster, you are very small and quick."

}
