{
  "type": "origins:self_action_when_hit",
  "entity_action": {
    "type": "origins:apply_effect",
    "effect": {
      "effect": "minecraft:speed",
      "amplifier": 4,
      "duration": 100
    }
  },
  "cooldown": 400,
  "name": "Stress Speed",
  "description": "Due to hamsters getting hyper when stressed your speed increases when attacked.",
  "hud_render": {
    "should_render": true,
    "sprite_location": "origins:textures/gui/community/spiderkolo/resource_bar_03.png",
    "bar_index": 23
  }
}
