{
	"powers": [

		"hero:heroofthevillage",		
		"hero:theone",
		"hero:evensharpersword",
		"hero:patriotism",

		"hero:heretoprotect",
		"hero:home",
		
		"hero:bedtime",
		"hero:badmemories"
		
	],
	"icon": {
		"item": "minecraft:emerald"
	},
	"order": 10,
	"impact": 2,
	"name": "Hero of the Village",
	"description": "After defeating the raid, and saving your village, the Villagers and the rest of the Guard have recognised your skills and heroism and thus declaring you as the hero of the village!",
	"unchoosable": true

}