{
    "type": "origins:target_action_on_hit",
    "entity_action": {
        "type": "origins:apply_effect",
        "effect": {
            "effect": "minecraft:blindness",
            "amplifier": 0,
            "duration": 60
        }
    },
    "cooldown": 1,
    "hud_render": {
        "should_render": false
    },
    "target_condition": {
        "type": "origins:scoreboard",
        "objective": "lmc_Rest",
        "compare_to": 71999,
        "comparison": ">"
    },
    "name": "Nightmare Creature",
    "description": "You will blind players who haven't slept for 3 Minecraft days on hit."
}