{
    "name": "Phase Rush",
    "description": "Dealing damage 3 times within quick succession speeds you up for a few seconds.",
    "type": "origins:multiple",
    "timer": {
        "type": "origins:resource",
        "min": 0,
        "max": 30,
        "hud_render": {
            "should_render": false
        },
        "max_action": {
            "type": "origins:and",
            "actions": [
                {
                    "type": "origins:change_resource",
                    "resource": "*:*_counter",
                    "change": -3
                },
                {
                    "type": "origins:change_resource",
                    "resource": "*:*_timer",
                    "change": 0,
                    "operation": "set"
                }
            ]
        }
    },
    "timer_tick": {
        "type": "origins:action_over_time",
        "entity_action": {
            "type": "origins:change_resource",
            "resource": "*:*_timer",
            "change": 1
        },
        "interval": 1,
        "condition": {
            "type": "origins:resource",
            "resource": "*:*_counter",
            "compare_to": 0,
            "comparison": ">"
        }
    },
    "counter": {
        "type": "origins:resource",
        "min": 0,
        "max": 3,
        "hud_render": {
            "should_render": false
        }
    },
    "onhit": {
        "type": "origins:action_on_hit",
        "bientity_action": {
            "type": "origins:and",
            "actions": [
                {
                    "type": "origins:actor_action",
                    "action": {
                        "type": "origins:change_resource",
                        "resource": "*:*_counter",
                        "change": 1
                    }
                },
                {
                        "type": "origins:if_else",
                        "condition": {
                            "type": "origins:actor_condition",
                            "condition": {
                                "type": "origins:resource",
                                "resource": "*:*_counter",
                                "compare_to": 3,
                                "comparison": "=="
                            }
                        },
                        "if_action": {
                            "type": "origins:actor_action",
                            "action": {
                            "type": "origins:execute_command",
                            "command": "effect give @s speed 5 1 true"
                        }
                    }
                },
                {
                    "type": "origins:if_else",
                    "condition": {
                        "type": "origins:actor_condition",
                        "condition": {
                            "type": "origins:resource",
                            "resource": "*:*_counter",
                            "compare_to": 3,
                            "comparison": "=="
                        }
                    },
                    "if_action": {
                        "type": "origins:actor_action",
                        "action": {
                            "type": "origins:and",
                            "actions": [
                                {
                                    "type": "origins:change_resource",
                                    "resource": "*:*_counter",
                                    "change": -3
                                },
                                {
                                    "type": "origins:change_resource",
                                    "resource": "*:*_timer",
                                    "change": 0,
                                    "operation": "set"
                                }
                            ]
                        }
                    }
                }
            ]
        }
    }
}