{
    "type": "origins:multiple",
    "slow": {
        "type": "origins:modify_status_effect_duration",
        "status_effect": "minecraft:weakness",
        "modifier": {
            "operation": "multiply_total",
            "value": -0.5
        }
    },
    "weak": {
        "type": "origins:modify_status_effect_duration",
        "status_effect": "minecraft:slowness",
        "modifier": {
            "operation": "multiply_total",
            "value": -0.5
        }
    },
    "name": "Nullifying Orb",
    "description": "Slowness & Weakness last 50% as long."
}