{
  "name": "Here to Protect",
  "description": "You cannot hit a Villager with your sword or axe",

  "type": "origins:modify_damage_dealt",
	"modifier": {
		"operation": "multiply_base",
		"value": -1
	},

	"condition":{
		"type":"origins:and",
		"conditions":[
			{				
        			"type": "origins:equipped_item",
        			"equipment_slot": "mainhand",
        			"item_condition": {
            			"type": "origins:ingredient",
            				"ingredient":{
            				"tag": "guard:swordaxe"
            			}
          			}      			
			}
		]
	},
	"target_condition": {
		"type": "origins:entity_type",
		"entity_type": "minecraft:villager"
	} 
}