{
  "name": "Pillagers",
  "description": "Pillagers scare you",
  
  "type": "origins:stacking_status_effect",
  "min_stacks": 0,
  "max_stacks": 1,
  "duration_per_stack": 20,
  "effect": {
      "effect": "minecraft:weakness",
      "is_ambient": true,
      "show_particles": false,
      "show_icon": true
  },
  "condition": {
    "type": "origins:command",
    "command": "execute at @s if entity @e[type=minecraft:pillager,distance=..8]",
    "comparison": ">=",
		"compare_to": 1
}
}