{ 
	
		"type": "origins:conditioned_attribute",
		"modifiers": {
		  "attribute": "minecraft:generic.attack_damage",
		  "operation": "addition",
		  "value": 1.0,
		  "name": "sword-expert"
		},
		"condition": {
			  "type": "origins:equipped_item",
			  "equipment_slot": "mainhand",
			  "item_condition": {
				  "type": "origins:ingredient",
				  "ingredient":{
				  "tag": "guard:sword"
				  }
				}
			},

  "name": "Sharp Sword",
  "description": "Your training in the barracks with the Guards has payed off, and now you do extra 1 damage with swords!"   
}