{
    "replace": true,
        "origins": [
            {
                "condition": {
                    "type": "origins:origin",
                    "origin": "lunarmc:mc"
                },
                "origins": [
                    "lunarmc:avian",
                    "lunarmc:arachnid",
                    "lunarmc:blaze",
                    "lunarmc:elytrian",
                    "lunarmc:enderian",
                    "lunarmc:feline",
                    "lunarmc:merling",
                    "lunarmc:phantom",
                    "lunarmc:shulk",
                    "lunarmc:nothing"
                ]
            },
            {
                "condition": {
                    "type": "origins:origin",
                    "origin": "lunarmc:mc",
                    "inverted": true
                },
                "origins": [
                    "lunarmc:nothing"
                ]
            },
            {
                "condition": {
                    "type": "origins:on_fire"
                },
                "origins": [
                    "lunarmc:true_form"
                ]
            }
        ],
    "auto_choose": true,
    "name": "Mimicry"
}