{
    "name": "Dash",
    "description": "When in need of fleeing you are able to go into hyperspeed (primary ability) (25 Blocks Range)",
    "type": "origins:active_self",
    "key": {
        "key": "key.origins.primary_active"
    },
    "cooldown": 40,
    "hud_render": {
        "should_render": true
    },
    "entity_action": {
        "type": "origins:raycast",
        "distance": 25,
        "entity": true,
        "command_along_ray": "function hoborigin:dash_a",
        "command_at_hit": "function hoborigin:dash",
        "before_action": {
            "type": "origins:execute_command",
            "command": "tag @s add tping"
        },
        "command_step": 1,
        "hit_action": {
            "type": "origins:execute_command",
            "command": "tag @e remove tping"
        },
        "miss_action": {
            "type": "origins:execute_command",
            "command": "tp @s ^ ^ ^15"
        }
    }
}
