{
    "type": "origins:multiple",
    "nofalldamage": {
        "type": "origins:invulnerability",
        "damage_condition": {
            "type": "origins:name",
            "name": "fall"
        }
    },
    "slowhunger": {
        "type": "origins:modify_exhaustion",
        "modifier": {
            "operation": "multiply_base",
            "value": -0.70
        }
    },
    "extrahearts": {
        "type": "origins:attribute",
        "modifier": {
            "operation": "subtraction",
            "value": 8.0,
            "attribute": "minecraft:generic.max_health"
        }
    },
    "name": "Adept Runner",
    "description": "You run a lot, so you don't get hungry as easy."
}