{
    "name": "Radiant",
    "description": "Attack speed is higher when in bright areas (Light levels 9 and above, or during the daytime).",
    "condition": {
        "type": "origins:or",
        "conditions": [
            {
                "type": "origins:brightness",
                "comparison": ">",
                "compare_to": 0.27
            },
            {
                "type": "origins:exposed_to_sun"
            }
        ]
    },
    "type": "origins:conditioned_attribute",
    "modifiers": [
        {
            "attribute": "minecraft:generic.attack_speed",
            "operation": "multiply_base",
            "value": 0.2
        }
    ],
    "tick_rate": 1,
    "update_health": false
}