{
    "name": "Divine",
    "description": "Attacks to undead mobs deal slightly more damage.",
    "type": "origins:modify_damage_dealt",
    "damage_condition": {
        "type": "origins:name",
        "name": "player"
    },
    "target_condition": {
        "type": "origins:entity_group",
        "group": "undead"
    },
    "modifier": {
        "operation": "multiply_base",
        "value": 0.25
    },
    "target_action": {
        "type": "origins:play_sound",
        "sound": "minecraft:entity.evoker.cast_spell",
        "volume": 1,
        "pitch": 1.4
    }
}