{
    "type": "origins:multiple",
    "battery": {
        "type": "origins:resource",
        "min": 0,
        "max": 480,
        "hud_render": {
            "should_render": true,
            "sprite_location": "origins:textures/gui/community/huang/resource_bar_02.png",
            "bar_index": 20
        },
        "start_value": 480
    },
    "natural_decrease": {
        "type": "origins:action_over_time",
        "interval": 10,
        "entity_action": {
            "type": "origins:change_resource",
            "resource": "*:*_battery",
            "change": -1,
            "operation": "add"
        },
        "condition": {
            "type": "origins:resource",
            "resource": "moving:state_horizontally",
            "comparison": "==",
            "compare_to": 1
        }
    },
    "increase_still": {
        "type": "origins:action_over_time",
        "interval": 100,
        "entity_action": {
            "type": "origins:change_resource",
            "resource": "*:*_battery",
            "change": 1,
            "operation": "add"
        },
        "condition": {
            "type": "origins:resource",
            "resource": "moving:state_horizontally",
            "comparison": "!=",
            "compare_to": 1
        }
    },
    "increase_sleep": {
        "type": "origins:action_on_wake_up",
        "entity_action": {
            "type": "origins:change_resource",
            "resource": "*:*_battery",
            "change": 300,
            "operation": "set"
        }
    },
    "increase_powered": {
        "type": "origins:action_over_time",
        "interval": 5,
        "entity_action": {
            "type": "origins:change_resource",
            "resource": "*:*_battery",
            "change": 1,
            "operation": "add"
        },
        "condition": {
            "type": "origins:on_block",
            "block_condition": {
                "type": "origins:block",
                "block": "minecraft:redstone_block"
            }
        }
    },
    "no_hunger": {
        "type": "origins:modify_exhaustion",
        "modifier": {
            "value": -100,
            "operation": "addition"
        }
    },
    "damage": {
        "type": "origins:action_over_time",
        "interval": 20,
        "entity_action": {
            "type": "origins:damage",
            "amount": 1,
            "source": {
                "name": "generic",
                "bypasse_armor": true,
                "fire": false,
                "unblockable": true,
                "magic": false,
                "out_of_world": false
            }
        },
        "condition": {
            "type": "origins:resource",
            "resource": "*:*_battery",
            "comparison": "==",
            "compare_to": 0
        }
    },
    "weakness": {
        "type": "origins:conditioned_attribute",
        "modifiers": [
            {
                "attribute": "generic.movement_speed",
                "value": -0.5,
                "operation": "multiply_total"
            },
            {
                "attribute": "generic.attack_damage",
                "value": -0.5,
                "operation": "multiply_total"

            },
            {
                "attribute": "generic.attack_speed",
                "value": -0.5,
                "operation": "multiply_total"
            }
        ],
        "tick_rate": 20,
        "condition": {
            "type": "origins:resource",
            "resource": "*:*_battery",
            "comparison": "<=",
            "compare_to": 60
        }
    },
    "regen": {
        "type": "origins:disable_regen",
        "condition": {
            "type": "origins:resource",
            "resource": "*:*_battery",
            "comparison": ">=",
            "compare_to": 240
        }
    },
    "name": "Limited battery life",
    "description": "You have a battery instead of food. It slowly goes down but charges up when standing still. Sleeping resets it and standing on a redstone block charges it extremely quickly. When it is low you get weakness and slowness and if it is empty, you take damage. You can only regenerate health when it is above half way."
}