{
    "type": "origins:active_self",
    "entity_action": {
        "type": "origins:and",
        "actions": [
            {
                "type": "origins:change_resource",
                "resource": "mech:battery_battery",
                "change": -30,
                "operation": "add"
            },
            {
                "type": "origins:add_velocity",
                "y": 2
            }
        ]
    },
    "cooldown": 100,
    "hud_render": {
        "should_render": true,
        "sprite_location": "origins:textures/gui/community/huang/resource_bar_01.png",
        "bar_index": 3
    },
    "key": {
        "key": "key.origins.primary_active",
        "continuous": false
    },
    "name": "Boost",
    "description": "Use your primary to give yourself a vertical boost. Takes 30 seconds off your battery life."
}