{
    "type": "origins:action_over_time",
    "interval": 20,
    "entity_action": {
        "type": "origins:and",
        "actions": [
            {
                "type": "origins:execute_command",
                "command": "scale set 0.5"
            },
            {
                "type": "origins:execute_command",
                "command": "scale set motion 4"
            }
        ]
    },
    "name": "Efficient",
    "description": "Your inventor made you as efficient as possible so you are samll."
}