{
    "type": "origins:stacking_status_effect",
    "min_stacks": 0,
    "max_stacks": 1,
    "duration_per_stack": 20,
    "tick_rate": 10,
    "effect": {
        "effect": "minecraft:haste",
        "duration": 20,
        "amplifier": 1,
        "is_ambient": true,
        "show_particles": false,
        "show_icon": false
    },
    "condition": {
        "type": "origins:equipped_item",
        "equipment_slot": "mainhand",
        "item_condition": {
            "type": "origins:ingredient",
            "ingredient": {
                "tag": "mech:pickaxe"
            }
        }
    },
    "name": "Mining laser",
    "description": "You get a boost at mining when holding a pickaxe."
}