{
    "type": "origins:active_self",
    "entity_action": {
        "type": "origins:area_of_effect",
        "radius": 10,
        "bientity_action": {
            "type": "origins:and",
            "actions": [
                {
                    "type": "origins:target_action",
                    "action": {
                        "type": "origins:and",
                        "actions": [
                            {
                                "type": "origins:spawn_particles",
                                "particle": {
                                    "type": "minecraft:dust",
                                    "params": "0.25 0.25 1 4"
                                },
                                "count": 4,
                                "speed": 1,
                                "force": false
                            },
                            {
                                "type": "origins:damage",
                                "amount": 12,
                                "source": {
                                    "name": "magic.player",
                                    "bypasses_armor": true,
                                    "fire": false,
                                    "unblockable": false,
                                    "magic": true,
                                    "out_of_world": false
                                }
                            }
                        ]
                    }
                },
                {
                    "type": "origins:actor_action",
                    "action": {
                        "type": "origins:change_resource",
                        "resource": "mech:battery_battery",
                        "change": -120,
                        "operation": "add"
                    }
                }
            ]
        }
    },
    "cooldown": 1200,
    "hud_render": {
        "should_render": true,
        "sprite_location": "origins:textures/gui/community/huang/resource_bar_02.png",
        "bar_index": 17,
        "inverted": true
    },
    "key": {
        "key": "key.origins.secondary_active",
        "continuous": false
    },
    "name": "Shock",
    "description": "Use secondary to damage everything in a 10 block radius. Takes two minutes off your battery life."
}