{ 
	
		"type": "origins:conditioned_attribute",
		"modifiers": {
		  "attribute": "minecraft:generic.attack_damage",
		  "operation": "addition",
		  "value": 2.0,
		  "name": "sword-expert"
		},
		"condition": {
			  "type": "origins:equipped_item",
			  "equipment_slot": "mainhand",
			  "item_condition": {
				  "type": "origins:ingredient",
				  "ingredient":{
				  "tag": "hero:sword"
				  }
				}
			},

  "name": "Sharp Sword",
  "description": "Now as a Hero, your Swordsmanship skills are unmatched! You deal 2 extra damage with swords!"   
}