{
    "powers": [
        "mech:battery",
        "mech:fortified",
        "mech:efficient",
        "mech:boost",
        "mech:shock",
        "mech:redstonemore",
        "mech:mineboost",
        "mech:artificial",
        "mech:tread",
        "mech:overheat",
        "moving:state"
    ],
    "icon": {
        "item": "minecraft:iron_block"
    },
    "unchoosable": false,
    "order": 30,
    "impact": 2,
    "name": "Astromech unit",
    "description": "You are an redstone powered astromech."
}