{
    "powers": [
        "vampire:vampire_bite",
        "vampire:bat",
        "vampire:tp",
        "vampire:boost",
        "vampire:pounce",
        "vampire:gravity",
        "vampire:undead",
        "vampire:immortal",
        "vampire:nightform",
        "vampire:night_vision",
        "vampire:bloodbar",
        "vampire:sunlight_burn",
        "vampire:sun",
        "vampire:dayform",
        "vampire:enemy",
        "vampire:water",
        "vampire:stake",
        "vampire:sleep",
        "vampire:pounce"
    ],
    "icon": {
        "item": "potion",
        "tag": "{CustomPotionColor:11605534}"
    },
    "order":5,
    "impact":3,
    "name":"Vampire",
    "description":"Vampires. Cursed with eternal life, a thirst for blood, and an aversion to light, wooden stakes, and garlic."
}