{
    "name": "Dreamer",
    "description": "You are dreaming. Do whatever you want.",
    "powers": [
        "dreamer:norest",
        "dreamer:soar",
        "dreamer:sparkle",
        "dreamer:daze",
        "dreamer:food",
        "dreamer:treat",
        "dreamer:calming",
        "dreamer:falldamage",
        "dreamer:flyeffect",
        "dreamer:weakness",
        "dreamer:toggle",
        "dreamer:slowfall",
        "dreamer:sound",
        "dreamer:soundtwo",
        "dreamer:soundthree",
        "dreamer:calmingtwo",
        "dreamer:calmingthree",
        "dreamer:calmingfour",
        "dreamer:fire",
        "dreamer:water",
        "dreamer:calmingfive",
        "dreamer:tag",
        "dreamer:armor",
        "dreamer:death",
        "dreamer:advancement"
    ],
    "icon": {
        "item": "minecraft:nether_star",
        "amount": 1
    },
    "upgrades": [
        {
            "condition": "dreamer:awake",
            "origin": "awake:awake",
            "announcement": "You're awake. Don't die."
        }
    ],
    "order": 10,
    "impact": 2,
    "loading_priority": 0
}