{
	"powers": [
		"guard:heretoprotect",
		"guard:home",
		"guard:bedtime",
		"guard:badmemories",
		"guard:illagers",
		"guard:patriotism",
		"guard:sharpsword",
		"guard:guardmember"	
	],
	"icon": {
		"item": "minecraft:bell"
	},
	"order": 10,
	"impact": 2,
	"name": "Village Guard",
	"description": "You were brave enough to face the scary Pillagers and thus protected your Village from a possible attack! You were drafted into the Guards!",
	"unchoosable": true,
	
	"upgrades": [
		{
			"condition": "minecraft:adventure/hero_of_the_village",
			"origin": "hero:hero",
			"announcement": "No Way! You just saved your whole village, you are a god damn hero!"
		}
	]
}