{
	"powers": [
		"mothorigin:boost",
		"mothorigin:lifespan",
		"mothorigin:flight",
		"mothorigin:lantern",
		"mothorigin:small",
		"mothorigin:zapper",
		"mothorigin:weight",
		"mothorigin:nofood",
		"mothorigin:leatherdiet",
		"mothorigin:hidediet",
		"mothorigin:soundeffect",
		"mothorigin:credits"
	],
	"icon": "minecraft:rabbit_hide",
	"order": 8,
	"impact": 3,
	"name": "Mothling",
	"description":"A Mothling is a winged moth-like creature that originally evolved in the taiga biome before adapting and spreading to the rest of the overworld."
}