[
  {
    "function": "minecraft:set_nbt",
    "tag": "{deep_mining_enchant:1,deepslateLevel:0,display:{Lore:['{\"text\":\"Deep Efficiency\",\"color\":\"gray\",\"italic\":false}']}}",
    "conditions": [
      {
        "condition": "minecraft:entity_properties",
        "entity": "this",
        "predicate": {
          "equipment": {
            "mainhand": {
              "items": [
                "minecraft:diamond_pickaxe",
                "minecraft:netherite_pickaxe"
              ],
              "nbt": "{Enchantments:[{}]}"
            }
          }
        }
      }
    ]
  },
  {
    "function": "minecraft:set_nbt",
    "tag": "{deep_mining_enchant:1,deepslateLevel:0,display:{Lore:['{\"text\":\"Deep Efficiency\",\"color\":\"gray\",\"italic\":false}']},Enchantments:[{}]}",
    "conditions": [
      {
        "condition": "minecraft:entity_properties",
        "entity": "this",
        "predicate": {
          "equipment": {
            "mainhand": {
              "items": [
                "minecraft:diamond_pickaxe",
                "minecraft:netherite_pickaxe"
              ]
            }
          }
        }
      },
      {
        "condition": "minecraft:inverted",
        "term": {
          "condition": "minecraft:entity_properties",
          "entity": "this",
          "predicate": {
            "equipment": {
              "mainhand": {
                "nbt": "{Enchantments:[{}]}"
              }
            }
          }
        }
      }
    ]
  }
]
