{
    "name": "Guarding Wave",
    "description": "Taking significant damage in 1 hit grants you a shield in the form of Absorption for a few seconds.\nHas a long cooldown.",
    "type": "origins:action_when_damage_taken",
    "entity_action": {
        "type": "origins:apply_effect",
        "effect": {
            "effect": "minecraft:absorption",
            "duration": 100,
            "amplifier": 1,
            "show_particles": false
        }
    },
    "damage_condition": {
        "type": "origins:amount",
        "comparison": ">",
        "compare_to": 5
    },
    "cooldown": 1200,
    "hud_render": {
        "should_render": true,
        "bar_index": 0,
        "sprite_location": "origins:textures/gui/community/spiderkolo/resource_bar_02.png"
    }
}