{
    "type": "origins:active_self",
    "entity_action": {
        "type": "origins:execute_command",
        "command": "origin gui @s lunarmc:mimicry"
    },
    "key": "key.saveToolbarActivator",
    "cooldown": 1,
    "hud_render": {
        "should_render": false
    },
    "name": "Hello?",
    "description": "Your [Save Hotbar] key will let you select a new Mimicry, allowing you to adapt to your environment.",
    "condition": {
        "type": "origins:on_fire",
        "inverted": true
    }
}