{
    "type": "origins:action_over_time",
    "entity_action": {
        "type": "origins:and",
        "actions": [
            {
                "type": "origins:execute_command",
                "command": "origin set @s lunarmc:mimicry lunarmc:nothing"
            },
            {
                "type": "origins:execute_command",
                "command": "title @s actionbar {\"text\": \"The sheer cold freezes your mimicry, reverting you to a powerless form.\", \"color\": \"red\"}"
            }
        ]
    },
    "interval": 20,
    "condition": {
        "type": "origins:biome",
        "condition": {
            "type": "origins:temperature",
            "comparison": "<",
            "compare_to": 0.31
        }
    },
    "name": "Parasite's Beginning",
    "description": "You revert to your base form in cold biomes."
}