{
    "type": "origins:action_on_callback",
    "entity_action_gained": {
        "type": "origins:and",
        "actions": [
            {
                "type": "origins:execute_command",
                "command": "scale set pehkui:base 0.5"
            },
            {
                "type": "origins:execute_command",
                "command": "scale set pehkui:reach 2"
            },
            {
                "type": "origins:execute_command",
                "command": "scale persist set true"
            }
        ]
    },
    "entity_action_lost": {
        "type": "origins:and",
        "actions": [
            {
                "type": "origins:execute_command",
                "command": "scale set pehkui:base 1"
            },
            {
                "type": "origins:execute_command",
                "command": "scale set pehkui:reach 1"
            },
            {
                "type": "origins:execute_command",
                "command": "scale set pehkui:jump_height 1"
            }
        ]
    },
    "execute_chosen_when_orb": true,
    "name": "Hiding in Plain Sight",
    "description": "You're smaller than humans."
}