{
    "type": "origins:active_self",
    "entity_action": {
        "type": "origins:and",
        "actions": [
            {
                "type": "origins:execute_command",
                "command": "origin set @s lunarmc:mimicry lunarmc:true_form"
            },
            {
                "type": "origins:execute_command",
                "command": "particle item rotten_flesh ~ ~1 ~ 0.3 0.3 0.3 0.25 120"
            }
        ]
    },
    "key": "key.saveToolbarActivator",
    "cooldown": 1,
    "hud_render": {
        "should_render": false
    },
    "name": "GOODBYE",
    "description": "When on fire, your [Save Hotbar] key will unleash your monstrous form instead.",
    "condition": {
        "type": "origins:on_fire",
        "inverted": false
    }
}