{
  "type": "minecraft:fishing",
  "pools": [
    {
      "rolls": 1,
      "entries": [
        {
          "type": "minecraft:item",
          "weight": 60,
          "name": "minecraft:cod",
          "functions": [
            {
              "function": "minecraft:set_count",
              "count": 1,
              "add": true,
              "conditions": [
                {
                  "condition": "minecraft:entity_properties",
                  "entity": "this",
                  "predicate": {
                    "type": "minecraft:fishing_bobber",
                    "nbt": "{Tags: [\"fishfolk\"]}"
                  }
                }
              ]
            }
          ]
        },
        {
          "type": "minecraft:item",
          "weight": 25,
          "name": "minecraft:salmon",
          "functions": [
            {
              "function": "minecraft:set_count",
              "count": 1,
              "add": true,
              "conditions": [
                {
                  "condition": "minecraft:entity_properties",
                  "entity": "this",
                  "predicate": {
                    "type": "minecraft:fishing_bobber",
                    "nbt": "{Tags: [\"fishfolk\"]}"
                  }
                }
              ]
            }
          ]
        },
        {
          "type": "minecraft:item",
          "weight": 2,
          "name": "minecraft:tropical_fish",
          "functions": [
            {
              "function": "minecraft:set_count",
              "count": 1,
              "add": true,
              "conditions": [
                {
                  "condition": "minecraft:entity_properties",
                  "entity": "this",
                  "predicate": {
                    "type": "minecraft:fishing_bobber",
                    "nbt": "{Tags: [\"fishfolk\"]}"
                  }
                }
              ]
            }
          ]
        },
        {
          "type": "minecraft:item",
          "weight": 13,
          "name": "minecraft:pufferfish",
          "functions": [
            {
              "function": "minecraft:set_count",
              "count": 1,
              "add": true,
              "conditions": [
                {
                  "condition": "minecraft:entity_properties",
                  "entity": "this",
                  "predicate": {
                    "type": "minecraft:fishing_bobber",
                    "nbt": "{Tags: [\"fishfolk\"]}"
                  }
                }
              ]
            }
          ]
        }
      ],
      "conditions": [
        {
          "condition": "minecraft:inverted",
          "term": {
            "condition": "minecraft:match_tool",
            "predicate": {
              "items": [
                "minecraft:fishing_rod"
              ],
              "nbt": "{CustomModelData:12}"
            }
          }
        }
      ]
    },
    {
      "rolls": 1,
      "entries": [
        {
          "type": "minecraft:item",
          "weight": 60,
          "name": "minecraft:cod",
          "functions": [
            {
              "function": "minecraft:furnace_smelt"
            },
            {
              "function": "minecraft:set_count",
              "count": 1,
              "add": true,
              "conditions": [
                {
                  "condition": "minecraft:entity_properties",
                  "entity": "this",
                  "predicate": {
                    "type": "minecraft:fishing_bobber",
                    "nbt": "{Tags: [\"fishfolk\"]}"
                  }
                }
              ]
            }
          ]
        },
        {
          "type": "minecraft:item",
          "weight": 25,
          "name": "minecraft:salmon",
          "functions": [
            {
              "function": "minecraft:furnace_smelt"
            },
            {
              "function": "minecraft:set_count",
              "count": 1,
              "add": true,
              "conditions": [
                {
                  "condition": "minecraft:entity_properties",
                  "entity": "this",
                  "predicate": {
                    "type": "minecraft:fishing_bobber",
                    "nbt": "{Tags: [\"fishfolk\"]}"
                  }
                }
              ]
            }
          ]
        },
        {
          "type": "minecraft:item",
          "weight": 2,
          "name": "minecraft:tropical_fish",
          "functions": [
            {
              "function": "minecraft:set_count",
              "count": 1,
              "add": true,
              "conditions": [
                {
                  "condition": "minecraft:entity_properties",
                  "entity": "this",
                  "predicate": {
                    "type": "minecraft:fishing_bobber",
                    "nbt": "{Tags: [\"fishfolk\"]}"
                  }
                }
              ]
            }
          ]
        },
        {
          "type": "minecraft:item",
          "weight": 13,
          "name": "minecraft:pufferfish",
          "functions": [
            {
              "function": "minecraft:set_count",
              "count": 1,
              "add": true,
              "conditions": [
                {
                  "condition": "minecraft:entity_properties",
                  "entity": "this",
                  "predicate": {
                    "type": "minecraft:fishing_bobber",
                    "nbt": "{Tags: [\"fishfolk\"]}"
                  }
                }
              ]
            }
          ]
        }
      ],
      "conditions": [
        {
          "condition": "minecraft:match_tool",
          "predicate": {
            "items": [
              "minecraft:fishing_rod"
            ],
            "nbt": "{CustomModelData:12}"
          }
        }
      ]
    }
  ]
}