{
	"powers": [
		"thera:webswing",
		"thera:shootweb",
		"thera:fall",
		"thera:master_of_webs",
		"thera:resource",
		"thera:resourceregen",
		"thera:arthropod",
		"thera:climbing",
		"thera:no_cobweb_slowdown",
		"origins:master_of_webs_no_slowdown",
		"thera:jump",
		"thera:string",
		"thera:night_vision",
		"thera:team",
		"thera:sound",
		"thera:night",
		"thera:health",
		"thera:iron_mad",
		"thera:fire",
		"thera:slowness",
		"thera:weakness"
	],
	"icon": "minecraft:cobweb",
	"order": 15,
	"impact": 3,
	"name": "Theraphosid",
	"description": "Therephosid's are half spider half human creatures that can use string in many different ways."
}
